name,score,stars_y,review_count,city
'feine,2.9871210584265273,4.5,166,Conshohocken
101 Taiwanese Cuisine,2.9940584881716803,4.0,1145,Reno
10th Street Italian,2.9,4.0,8,Saint Louis
1200 Chophouse,3.1838690704865367,4.5,455,St. Petersburg
12th & Porter,1.9562230998168497,3.5,46,Nashville
16th Street Seafood,2.131359649122807,4.0,7,Philadelphia
1911 Smoke House Barbeque,2.96560863685187,4.0,136,Trenton
1925 Cocktail Lounge,1.997989022050658,2.5,47,Philadelphia
211 York,2.917096850198413,4.0,14,Jenkintown
24,2.6500564146097974,3.5,111,Philadelphia
3 Sisters Café,2.936109475399557,4.0,358,Indianapolis
30 Main,2.4235263347763345,4.0,54,Berwyn
312 Pizza Company,2.5233242603412283,3.5,532,Nashville
365 Caffe Italiano,2.9921819279100528,4.5,127,Wesley Chapel
39 West American Bistro,3.644882346189165,4.0,36,West Chester
3J's Food Market,3.6317414772727274,4.5,46,Philadelphia
4 Rivers Smokehouse,2.8091114595966276,4.0,343,Tampa Bay
4th Street Pizza,2.906171066252588,3.0,67,St. Petersburg
5 Star Burgers,2.8027909104288566,4.0,128,Kirkwood
5 Star India,3.6252142857142857,4.0,11,Bridgeton
500 Degrees,2.4845988150642957,3.5,443,Philadelphia
51st Deli,3.3366643207282913,4.5,164,Nashville
5th St. Bakehouse,3.248941856369116,4.0,181,Reno
6 North Cafe,2.6267389563403767,4.0,91,Ballwin
66 Q-pot,2.636887884625717,4.0,113,Pinellas Park
701 Taphouse,1.7177435064935063,3.5,23,Tarpon Springs
805 Kabob,2.6570341730239453,3.5,63,Goleta
8th & Union Kitchen,3.044529112413276,3.5,177,Wilmington
@Ramen,1.4306891233766232,2.5,12,Philadelphia
A Matter of Taste,3.604179067460317,4.5,29,Nashville
A Taste of Jamaica,1.4221384803921566,3.5,14,Philadelphia
A Taste of Thai,3.1451091882391595,3.5,42,Boise
"A Tutti, Ristorante Italiano",3.2845133026695525,4.5,78,Philadelphia
A&M Factory,3.6081534090909093,5.0,57,Malvern
A&W,2.830833333333333,3.0,8,St Albert
ABC Pizza House,2.7035071984070616,4.0,121,Tampa
AJ's Fine Foods,3.1070760500510173,4.0,258,Tucson
ALM Kainan,2.8860323660714284,4.0,13,Sparks
AM@FM,3.0308130454661204,4.0,41,Nashville
Abbruzzi & Giunta's Italian Market,3.3665064484126983,4.5,44,Mount Laurel
Abel's Authentic Mexican Cuisine,2.63202813647842,3.5,47,Verdi
Abner's Pizza & Grill,1.4225765306122449,1.5,5,Woodlyn
Above The Salt Cafe,3.6190754042832167,5.0,41,Tampa
Abruzzi Pizza,1.681804879148629,3.0,55,Brookhaven
Absolutli Goosed,3.160960009515444,4.0,83,Saint Louis
Abyssinia Ethiopian Restaurant,3.0952556166607086,4.5,168,Indianapolis
Acadia,2.9375,4.0,79,Philadelphia
Acajutla,2.7214888888888886,3.5,42,Edmonton
Acapulco Loco,0.6446103896103895,2.5,19,Clearwater
Ace Diner,2.9515,4.0,13,Warrington
Acme Oyster House - Harrahs,2.65126159554731,3.0,205,New Orleans
Acropolis,2.655763668430335,3.0,13,Belleville
AeroCaffe´,3.59390625,4.5,14,Boise
Affton Diner,2.420317424242424,3.5,83,Saint Louis
African Palace Bar And Grill,3.677625,4.0,26,Florissant
African Small Pot,2.860627546511796,4.0,49,Philadelphia
Agustín Brasserie,2.807485356184777,3.5,41,Tucson
Aiello's Pizzeria,2.9209388528138525,4.0,12,Granite City
Ajo Cafe,3.661805555555555,4.0,43,Tucson
Akira,2.132229101576528,3.0,40,Collingswood
Akira Hibachi & Sushi Bar,3.357225994318182,4.0,74,Riverview
Akoi Nail Spa,3.664357142857143,3.5,49,Voorhees Township
Al's Finger Licking Good Bar-B-Que,3.45620668381964,4.5,409,Tampa
Al's Italiano Pizzeria & Ristorante,3.2368181818181814,3.5,23,Philadelphia
Al's Pub & Pizza,2.1651828606176426,4.0,9,Indianapolis
Al-Sham Restaurant,0.7875,4.0,19,Boise
Aladdin's Hookah Lounge and Bar,3.340295323363505,3.5,78,Nashville
Albasha Greek & Lebanese Café,2.9881548964038473,4.0,132,Metairie
Aldertos Fresh Mexican Food,2.7827986885983496,3.5,238,Reno
Aldine,2.9296886624390335,4.0,156,Philadelphia
Aldo's Ristorante Italiano,3.284083922371032,4.0,74,Holland
Alex's,3.085166666666667,4.0,54,Tampa
Alfredo's Italian Byo West Chester,2.9040655906593407,3.5,15,West Chester
Alfredo's Pizza,3.186926937167697,4.5,79,Broomall
Alfresco's,2.88375,3.0,12,St Petersburg
Ali Baba,2.7204839231475595,4.0,80,New Orleans
Ali-Baba’s Greek & Lebanese Cuisine,1.5044545454545453,3.5,12,Metairie
Alison two,2.9042989417989418,4.0,8,Fort Washington
Allegro Pizza,2.0733727523126277,3.0,221,Philadelphia
Alma Llanera Venezuelan Food,3.401655167740173,4.5,124,Pinellas Park
Aloha Japanese Steakhouse,0.691,2.0,11,Reno
Alpha Pizzeria,1.4404587662337662,3.0,45,Port Richey
Altamura,2.1526464577089577,3.5,27,New Orleans
Alvarez  Authentic Latin Food,3.579107142857143,4.5,51,Land O' Lakes
Aman's Indian Bistro,3.3073581358225104,4.5,38,Harleysville
Amato Bros,2.8515892857142857,4.0,41,Oaklyn
Amato's Deli Restaurant,1.433558377896613,2.5,5,Philadelphia
Amber Indian Restaurant,3.2485609713203463,4.0,243,Carmel
American Social,2.143420338129731,3.5,768,Tampa
Americano - Freestyle Tapas Bar,3.225328736912684,4.5,421,Nashville
America’s Deli,2.490916193181818,3.5,23,Antioch
Amici's Deli,1.3413653846153846,3.0,9,Philadelphia
Amigos Mexican Restaurant,3.1363009508348796,4.0,96,Boise
Amish Country Market At The Feed Mill,3.002529761904762,4.0,69,Nolensville
Amore Mio,3.394821338383838,4.0,29,Tampa
An American Place,3.239146735617324,3.0,22,Saint Louis
Anaya's Mexican Restaurant,2.8788998868977256,3.5,54,Greenwood
Anchor High Grill,3.622181818181818,3.5,12,Hendersonville
Andale Latino Grill,3.0186728896103894,4.5,194,Feasterville-Trevose
Andre's BBQ and Seafood,1.4745833333333331,4.0,9,Indianapolis
Andrea's Restaurant,1.5166289192949907,2.5,218,Metairie
Angela's Mexican Food,2.7001712740384614,3.5,70,Tucson
Angelina's,3.3770034013605446,4.5,49,Philadelphia
Angelito's Rotisserie & More,2.6647569444444446,4.5,60,Tampa
Angelo's Chicago Taste,2.2905270913079034,3.5,68,Hazelwood
Angelos Pizza,2.677151855584891,4.0,115,Holiday
Angie's Luncheonette,3.6079761904761902,4.0,72,Bordentown
Angie's Restaurant,2.81891156462585,4.0,55,Clearwater
Angys’s Cafe And Ice Cream Parlor,2.849027031680441,4.5,22,Warminster
Anjou Restaurant,1.0758972154724231,2.5,19,Philadelphia
Annex,1.578295302736479,3.5,46,Saint Petersburg
Annie Moons Bakery & Cafe,3.5743382352941175,5.0,6,Saint Louis
Another Broken Egg Cafe,3.2948452035633524,4.5,511,Clearwater Beach
Anthony's Coal Fired Pizza,2.680496897572655,4.0,229,Tampa
Anthony's at Paxon Hollow,2.638845919006367,3.5,32,Broomall
Antojitos El Arriero,3.093114663880181,3.0,14,Kenner
Ants Pants Café,2.7404360474509732,4.0,531,Philadelphia
Aoki Japanese Restaurant,2.157166666666667,3.0,5,Exton
Apollo Burger,2.3374494942067736,3.0,51,Hendersonville
Apollo's Family Pizzeria,3.211122581168831,4.0,69,Bensalem
Apple Farm Diner and Bakery,1.4337289997236804,2.5,5,Tucson
Applebee's Grill + Bar,2.039756717254485,2.5,43,Deptford
Apron,3.6197569444444446,4.5,24,Haddonfield
Aquafinz,2.8491564814077863,3.5,86,Lutz
Aqui Con El Nene,3.1944470845535182,4.5,322,Tucson
Arber Cafè,2.413102564102564,4.5,18,Saint Louis
Arby's,1.446240978422619,2.5,38,New Orleans
Arbys Roast Beef,3.57875,2.5,19,Philadelphia
Archway Sandwich Shop,2.514264204545454,3.0,7,Philadelphia
Ardmore Pizza,2.6642118789074067,3.5,109,Ardmore
Argento's Pizza & Family Resturant,3.6401530612244897,3.5,13,Pottstown
Ariana,2.493145713176575,4.0,115,Philadelphia
Arner's Restaurant,0.965486939674354,2.0,57,New Castle
Aroma Grill and Bar,2.5207142857142855,3.0,8,Bensalem
Aroma Indian Bistro,3.567483766233766,4.5,100,Merchantville
Aroy Thai,2.505348722770151,3.5,157,O Fallon
Asahi Japanese Sushi,2.6932619472789114,3.5,34,Nashville
Asahi Sushi & Asian Grill,3.2842411308394994,4.0,56,Belle Chasse
Asian Cafe,3.384697036206547,3.5,80,Phoenixville
Asian Chef Fusion Cuisine,2.863079190804931,4.0,111,Mount Laurel
Asian Garden,0.7044444444444444,3.0,10,Philadelphia
Asian Harbor,2.707411277399139,3.5,187,Indianapolis
Asian Kitchen,3.2187265624999997,4.0,51,Palm Harbor
Asian Pho,2.4519704084853635,3.5,194,Reno
Asian Taste Inn,2.4854464285714286,4.0,61,Huntingdon Valley
Aston Diner,2.2812582006142246,3.0,125,Aston
Athens Restaurant,3.1143531746031745,4.0,72,Safety Harbor
Audubon Ale House,2.977109375,2.5,36,Audubon
Augie's Restaurant,3.608584415584416,3.5,32,Harahan
August Moon Chinese Restaurant,2.6563048844537813,3.0,83,New Orleans
Augusto's,3.1389660673793323,4.0,85,Warminster
Auntie Anne's Pretzels,0.7076971726190476,2.0,6,Nashville
Auntie's Soul Food & More,0.64,3.5,13,Tampa
Ava,2.3473688005937396,3.5,544,Tampa
Avalon Bistro,2.3501816991219564,3.5,26,Downingtown
Avola Kitchen + Bar,2.946433566433566,4.0,86,Malvern
Axis Pizza,2.9506882499193674,3.0,159,Philadelphia
Aya's Pizza,2.1336111111111107,2.5,30,Philadelphia
B & C Market BBQ,3.135595003231722,4.0,51,Nashville
B&B Breakfast and Lunch,3.2385681818181817,3.5,30,Philadelphia
B's Diner,2.8842708333333333,3.5,16,Edmonton
B.GOOD,2.6987939604861384,3.5,146,Marlton
B2 Bluefin,3.5397125541125543,4.0,92,Bala Cynwyd
BAP,2.994768381969169,4.5,205,Philadelphia
BB's Bar-B-Q,2.3177852328431374,3.0,83,Franklin
BBQ BBQ,2.885181346539293,3.5,66,Horsham
BFF Cafe,3.311325292518503,4.0,92,Reno
BJ's Restaurant & Brewhouse,2.177289153457768,3.5,301,Lutz
BK Tacos,2.790930610824953,4.0,492,Tucson
BLU Mediterranean Grill,3.670888888888889,4.0,63,Doylestown
Bab Café - Reno,3.248630090336898,4.5,470,Reno
Back To the 50S,1.6318724436483059,3.5,41,Furlong
Back To the Garden,3.0006248466810965,4.0,33,New Orleans
Back Yard Burgers,2.85165873015873,3.0,37,Brentwood
Backspace Bar & Kitchen,3.0947240583867033,4.0,443,New Orleans
Backyard Bowls,3.1454585268524493,4.0,659,Santa Barbara
Bacon Boise,2.782151197017268,3.5,83,Boise
Bad Boy Burgers 2,2.6013214015151513,3.0,68,Boise
Bagel Bin of Voorhees,0.8653859126984126,2.5,91,Voorhees Township
Bagel Delights,1.6122803368506493,3.0,31,Lambertville
Bagelicious - King Of Prussia,1.587859720933828,3.5,60,King of Prussia
Bagger Dave's Burger Tavern,1.7301964227047313,3.0,83,Indianapolis
Baggin's,2.1604571428571426,3.0,46,Tucson
Baggin's Gourmet Sandwiches,1.799901375506214,3.0,32,Tucson
Baguette Deli,2.8860457264610737,4.0,207,Boise
Baileys' Range,2.816825729029648,3.5,1567,Saint Louis
Baja Fresh,1.4607915019762845,2.5,17,Newark
Bake 425,2.8601923076923077,4.0,14,Bryn Mawr
Ballyhoo Grill,2.3318221908743806,3.5,262,Tampa
Bambino Pizza,2.85171875,3.0,29,Dunedin
Bamboo Bistro,1.490892857142857,3.0,6,Nashville
Bamboo Grill Jamaican Restaurant,2.8348571428571425,3.5,39,Trenton
Bamboo House,2.357029581529581,2.5,49,Indianapolis
Bamboo House of Noodle Soups,2.776089285714286,4.0,52,West Chester
Bandit Coffee Co.,3.302325253845534,4.5,296,Saint Petersburg
Bangkokville Thai Cuisine,3.452140412440621,4.5,341,Nashville
Banks Street Bar,0.6753571428571428,3.5,42,New Orleans
Bar Avalon,3.0357418798846356,4.0,107,West Chester
Bar Louie - Carmel,3.1241220305942954,3.5,186,Carmel
Bar One,3.5867398656898657,4.0,65,Philadelphia
Bar-B-Cutie,2.2962287037037035,3.5,40,Madison
Bar-B-Q Heaven,2.9229166666666666,3.0,10,Indianapolis
Barbacoa,2.8451041666666663,3.5,13,Upper Darby
Barbara's Home Cookin,3.2522211632694193,4.0,112,Franklin
Barbarians,2.167734192343604,3.0,96,Santa Barbara
Barbecue and Bourbon,3.306620504727764,4.0,284,Speedway
Bardolino Italian Steakhouse,2.862528409090909,3.5,18,Glen Mills
Bareburger - Midtown Village,2.7739242544463,4.0,622,Philadelphia
Barnes Jewish Hospital Cafeteria,2.38902688172043,2.5,16,Saint Louis
Barone's Tuscan Grill,2.349739402600397,3.5,118,Moorestown
Barra Restaurant,1.860588863360515,2.5,117,Philadelphia
Barra Rossa Ristorante & Wine Bar - Downington,1.9118135235447895,3.0,100,Downingtown
Barrel 55,1.9761494792307188,2.5,148,Meridian
Barrelhouse Pub and Grill,2.569727455574992,3.0,178,Garden City
Barrio Brewing,2.8010957533724574,4.0,611,Tucson
Barrio Cuisine,3.0697594173432403,3.5,71,Tucson
Barrister's Bagels,2.137705269607843,3.0,93,Royersford
Barro's Pizza,2.5808836290197896,3.5,116,Marana
Bascettis Italian Grille,1.421362103174603,3.5,83,Dunedin
Basically Buttercream Bakery & Cafe,1.4076923076923076,2.5,8,Brownsburg
Basil Fusion Bistro,3.4673177083333333,4.0,36,Clearwater
Basil Spice Thai Cuisine,2.143543990308968,3.0,222,Saint Louis
Basimo Beach Cafe,3.3448802976015046,4.0,339,Clearwater
Batter'd & Fried Boston Seafood House,2.7517877276913976,3.5,318,Nashville
Batture,3.2594565217391303,4.5,34,New Orleans
Bauernschmaus Restaurant,3.570493421052632,4.0,29,Edmonton
Bawarchi Indian Restaurant,2.1398383360466693,3.5,101,Wilmington
Baxter's Saloon & Grill,1.6473261972402597,2.5,31,Malvern
Bay City Sandwich Shop,2.2455468749999996,4.5,10,Tampa
Bayou Bistro Louisiana Cuisine,1.8462180304231364,3.0,191,New Orleans
Bayou Burger & Sports Company,2.6645649931125432,3.5,446,New Orleans
Beach Hut Deli,3.081443339871272,3.5,164,Reno
Beagle Tavern,2.362567568089703,3.0,15,Norristown
Beanie's Bar & Sports Grill,2.2010586927952995,3.5,80,Ruskin
Beans BBQ and Catering,3.6365412561576353,5.0,13,Santa Barbara
Beautiful Shades,2.8519050802139034,4.0,13,Indianapolis
Beawon,2.052027840460028,3.0,159,Cherry Hill
Beck's Cajun Cafe,2.751708325111168,4.0,485,Philadelphia
Beef 'O' Brady's,1.9203441939070818,3.0,11,Largo
Beer Garden At Reilly Craft Pizza,3.5702708333333333,3.5,24,Tucson
Belgravia Hub,2.9237499999999996,4.0,27,Edmonton
Bella Pizzeria,1.8944449770608482,3.0,66,Indianapolis
Bellacino's Pizza & Grinders,1.9574937169312168,3.5,72,Saint Louis
Bellagio Pizza & Subs,2.89225975140056,4.0,160,Nashville
Belleair Coffee Company,3.6264772727272727,4.5,94,Belleair Bluffs
Bello's Bakery,3.6611818181818183,4.0,37,Des Peres
Ben's BBQ and Beer,3.0676587428774926,3.5,29,Bensalem
Benihana,2.0828458845208844,2.5,240,Plymouth Meeting
Benna's West,3.2490346297021944,3.5,47,Philadelphia
Berix Restaurant,2.787277663386783,4.0,93,Saint Louis
Berlins Doener,3.410179229077171,4.5,166,Saint Petersburg
Bernie's Restaurant & Bar - Hatboro,2.844646178525016,3.0,201,Hatboro
Bertucci's,1.9681123917748917,2.5,39,Norristown
Besito Mexican Restaurant,2.9323547592398604,4.0,1092,Tampa
Best Life Pharmacy & Restaurant,0.7025,3.0,19,New Orleans
Bevan's Cold Cuts,3.4008966907087794,4.0,15,West Chester
Bevmo,3.6049847374847372,4.0,21,Goleta
Bhann Thai,2.566571310797046,3.0,47,Earth City
Bici Cafe,2.1957803571428567,2.5,26,Saint Louis
Big Al's House Of Blues,2.9081989795918366,4.0,7,Edmonton
Big Apple Pizza & Subs,3.6042708333333335,4.0,15,Sparks
Big Bok Choy Bistro,2.5306930858328176,4.0,30,Oldsmar
Big City Subs,3.542265625,3.5,5,Brentwood
Big Island Poke,3.4647516806110557,4.0,128,Tampa
Big Mike's BBQ,3.642857142857143,4.5,32,Tampa
Big Q BBQ,2.125739583333333,2.5,65,Levittown
Big Tim's BBQ,1.7859640538033394,3.0,19,St. Petersburg
Big Woody's BBQ,3.4990148809523807,4.5,185,St Charles
Bilbo's BBQ N Grill,2.1423272727272726,4.0,17,Port Richey
Billingsgate Fish Co.,1.3899066408128906,3.0,16,Edmonton
Billy Bob's,0.7068232063075812,1.5,14,Harvey
Binder Alois J Bakery,3.182517857142857,4.5,10,New Orleans
Binni & Flynn's,1.7884590409590406,2.5,25,Berwyn
Binto,0.688,4.0,25,Philadelphia
Birds Nest Cafe,3.586818181818182,4.5,20,New Orleans
Biryani Hut,3.6042136363636366,4.0,83,Noblesville
Biscuit Love: Hillsboro Village,2.8927929932955725,4.0,578,Nashville
Biscuits Cafe,2.8898019309166476,4.0,308,Indianapolis
Biscuits Country Cafe,2.4821467770376175,3.5,167,Tucson
Bistro Habanero,2.8309632457785234,4.0,243,Reno
Bistro St. Tropez,2.6313719104872337,3.5,163,Philadelphia
Bitar's,3.249188528138528,4.0,154,Philadelphia
Bitter Sweet,3.379805207633602,4.5,27,Indianapolis
Bittersweet Confections,3.4684034980057867,4.5,351,New Orleans
Black Diamond BBQ & Catering,2.8529134731959567,4.0,90,Indianapolis
Black Horse Diner & Restaurant,2.57637525241977,3.5,110,Mount Ephraim
Black Palm Restaurant,3.632159090909091,4.5,11,St. Petersburg
Black Rock Pizza,2.3017603370523108,4.0,169,Sparks
BlackFinn American Grille,2.272692024561087,3.0,75,Saint Louis
Blackberry Cafe,1.6620959595959597,3.0,21,Saint Louis
Blackthorn Pub and Pizza,2.8413862967434778,3.5,446,St. Louis
Blake's Lotaburger,2.1258135784986383,3.0,225,Tucson
Blaze Pizza,2.9277810460994553,3.5,201,Reno
Blimpie,3.5905681818181816,3.5,13,Boise
Blondie's Coffee and Wine Bar,2.7205626361459885,4.0,296,Saint Louis
Blu Fig,2.6441026435220847,4.0,118,Nashville
Blue Bell Pizza,2.363373026722651,3.0,61,Blue Bell
Blue Moon Gourmet Pizza,2.380073452551788,3.5,84,Reno
Blue Plate Cafe,3.5621296296296294,4.0,27,New Orleans
Blue Quill Chinese Food,1.4478225108225105,3.0,26,Edmonton
Blue Sage Vegetarian Grille,3.2626970338365684,4.5,572,Southampton
Blueberry Hill Pancake House,1.9831489250600807,3.5,101,Indianapolis
Blueplate,2.750204041518159,4.0,232,Mullica Hill
Blues City Deli,3.5026580675005308,5.0,991,Saint Louis
Bluestone Lane,3.6465625,3.5,33,King of Prussia
Bluewater Grill - Santa Barbara,3.0828363180415264,4.0,768,Santa Barbara
Boardwalk Pasta & Seafood,2.2464893027497195,3.0,61,Saint Petersburg
Bob Evans,2.0454796607997263,2.5,44,Indianapolis
Bobalouie's Grille & Sports Garden,2.9153124999999998,3.5,27,Tampa
Bobby Chez Crabcakes,2.9168392857142855,3.5,30,Cherry Hill
Bobby Hotel,2.90625,3.5,178,Nashville
Bobeck's Sports Bar & Grill,3.5548344155844154,3.5,8,Waterloo
Bobo's Sports Bar,2.886146497393149,4.5,36,Philadelphia
Bocconcini,3.37333128977504,4.5,163,Philadelphia
Body Fuel,3.671,4.0,15,Valrico
Boiling Pot,2.5801695188492064,4.0,22,New Orleans
Boise Bistro Market,3.6106706349206346,4.5,33,Boise
Boizao,3.0550272817460318,3.5,66,Tampa
Bollywood Cafe & Grill,3.5733035714285712,4.5,5,Tampa
Bonks Bar,3.1294254385964906,4.0,35,Philadelphia
Bono's Pizzeria,2.513192968625577,4.0,152,Saint Louis
Books & Brews - Zionsville,2.6320103785103783,4.0,66,Zionsville
Boostin' Bowls,2.531144026360544,4.5,77,Philadelphia
Borrello's Pizza & Pastaria,3.1738658221597094,4.0,169,Carpinteria
Boston Market,1.6971270274170274,3.0,30,Seminole
Boston Pizza,2.00846433183294,3.0,10,Beaumont
Bottom of the Sea,2.1640725713896667,3.0,14,Philadelphia
Botto’s Italian Line Restaurant,2.7101144383889917,3.5,137,Swedesboro
Boulevard Pizza,2.543623094887568,4.0,199,Sparks
Bourbon & Branch,2.7041513724621025,4.0,392,Philadelphia
Bowl & Roll,3.4102023809523807,4.0,38,Nashville
Brady's BBQ,2.4699974726957783,3.0,160,Safety Harbor
Brandon Bagels,3.2191857637312182,4.5,119,Brandon
Brasil Tropical,1.1141666666666665,2.0,15,Pinellas Park
Bravo Pizza,2.8772767857142854,4.5,12,Phoenixville
Brawley's Restaurant,1.2061839402427637,3.5,90,Tucson
Breakfast Boutique Chestnut Hill,2.3262208919552667,3.0,151,Philadelphia
Breakfast Club,3.353767118298368,4.5,80,Port Richey
Breakfast Culture Club,2.818388421079933,4.0,108,Santa Barbara
Brenda's On the Causeway,3.0948762755102037,4.0,62,Dunedin
Brew Brothers,2.61329718419557,3.5,592,Reno
Brew D Licious,3.462639813811868,4.5,172,Saint Petersburg
Brewerytown Taproom,1.6874147727272728,3.0,12,Philadelphia
Brewster's Pub,0.8022222222222222,3.5,12,Maple Shade
Brewsters Brewing Company & Restaurant,2.166802380952381,3.5,37,Edmonton
Brick & Mortar,3.3981708808330473,4.5,421,Saint Petersburg
Brick City Eatery,3.6685761363636358,4.0,114,Lutz
Brick House Tavern + Tap,2.6624770724096845,3.5,561,Tampa
Bridesburg Pizza,1.4643749999999998,3.5,18,Philadelphia
Bridgeport Rib House,2.6099353489069914,3.5,135,Bridgeport
Bridgewater's Pub,2.281149942319585,3.5,162,Philadelphia
Brindle Cafe,1.7719667832167831,3.0,9,Philadelphia
Brio Italian Grille,2.453590059154543,3.5,366,St Louis
Brixx Craft House,3.6120210084033615,4.0,115,Boise
Brixx Wood Fired Pizza,2.725471989565137,4.0,193,Fishers
Broad Ripple Brewpub,2.951988049205626,3.5,378,Indianapolis
Broadway Bar & Grille,3.078393858961611,4.0,49,Clifton Heights
Brodo,2.1729251567398116,3.0,33,Philadelphia
Brooklyn Pizza & Cafe,2.496985524891775,3.5,69,Nashville
Brother Paul's,2.0843799196176946,3.0,85,Eagleville
Brothers Pizza & Pasta,1.3699999999999999,3.5,36,West Chester
Broussard's,2.3416440540279826,3.5,63,New Orleans
Brown Sugar Bakery & Cafe,3.1470382423862686,4.5,66,Philadelphia
Brown's Doughnut  & Pastry,3.6319444444444446,4.5,29,Dublin
Bruegger's Bagels,3.146332274137725,3.5,45,Tucson
Brugada,2.9197499999999996,3.5,49,Nashville
Brummis - the German Taste,3.2286127851802946,4.5,111,Santa Barbara
Brunchies,1.9042986751917672,2.5,20,Zionsville
Brunchies - Lutz,3.029466225695375,4.0,272,Lutz
Bruno's Cafe & Trattoria,2.866297846889952,3.5,7,Malvern
Bruno's Pizza & Restaurant,3.3437394072685893,4.0,104,Haddonfield
Bub's Cafe,2.4831730529814515,4.0,175,Carmel
Bubba Gump Shrimp Co.,2.7384672850958562,2.5,132,Edmonton
Bubba Tea & Cafe,2.8834784663865545,3.5,11,Saint Louis
Bubble Shack,3.309655140123035,4.5,97,Wilmington
Bubble T,3.6621875,4.5,13,Edmonton
Buckingham Pizza,2.805810347348027,3.5,55,Buckingham
Buddy's Grill,2.7406949683282398,3.5,14,Tucson
Buena Onda,2.923737874905517,4.0,552,Philadelphia
Buena Vista Mexican Restaurant,2.696393492886773,3.5,107,Malvern
Bueno's Mexican Cuisine,2.8686666666666665,3.5,10,Marlton
Buffalo Bell,2.1229709595959596,4.0,53,Tucson
Buffalo Wild Wings,2.2701510526510527,2.5,100,Downingtown
Buhos Latin Fusion & Bar,2.276505170623028,3.5,60,Phoenixville
Bui's,3.0188652822023943,4.5,104,Philadelphia
Build-a-Burger,1.4162422161172161,2.5,38,Nashville
Bullard Seafood and Grill,2.8825710227272725,3.5,41,New Orleans
Bully's Smokehouse,2.2693295681170675,3.5,58,Columbia
Bully's Sports Bar & Grill,2.1806103810337976,3.0,116,Reno
Burger Bar at Lumiere Place,2.290610192300368,3.5,66,Saint Louis
Burger King,1.2896952561327562,1.5,17,Tampa
Burger Lane,0.7046522556390977,2.0,14,Philadelphia
Burger Republic,2.9694309562941443,4.0,721,Nashville
Burger Study,2.8600954029379095,4.0,441,Indianapolis
Burger Theory,3.0193709415584418,4.0,86,Indianapolis
Burger Up,2.891912641231404,4.0,857,Nashville
Burger Up - Franklin,2.538581193842638,3.5,329,Franklin
BurgerIM - Mt. Juliet,3.5302272727272728,3.5,51,Mount Juliet
Burgerrito,3.10140625,3.5,34,Tucson
Burritos Grill Mexican Fresh Cuisine,3.1019595603035435,4.5,75,New Orleans
Buster's Pizza,1.3528125,2.0,6,Edmonton
Butcher & Bee,2.7729380584890984,4.0,863,Nashville
Butter's Soul Food,2.26228373015873,3.0,77,Philadelphia
C J Muggs,2.269309247234247,3.5,102,Webster Groves
C.I. Chu's Mongolian Barbeque,2.6960486776746215,3.5,177,Tucson
CBQ Cowboy Bar & 'Que,2.376251525826137,3.0,133,Sparks
CC's Coffee House,2.4387003256097644,3.5,53,Metairie
CD Roma Restaurant,2.9427383516754984,4.0,125,St Petersburg
CJ's Bar-B-Skew,0.7,3.0,10,Tampa
CJ's Grille,2.222875,3.0,5,White House
Cactus Restaurant & Bar,1.647476339794363,3.0,312,Philadelphia
Cafe Arnold Neighborhood Grill,0.7119756493506493,2.5,9,Arnold
Cafe Bamboo,2.871079071969697,4.5,32,New Orleans
Cafe Beignet on Bourbon Street,2.720345779891595,3.5,1066,New Orleans
Cafe Bosna,3.412395263116005,4.5,135,Hermitage
Cafe Brasil,0.735625,2.5,8,Saint Louis
Cafe Buenos Aires,2.327523167824796,3.5,56,Santa Barbara
Cafe Cioccolato,2.134285714285714,4.5,20,Saint Louis
Cafe Con Leche,0.7479374999999999,2.5,55,Tampa
Cafe De Manila,3.1093277625152624,3.5,110,Reno
Cafe DeLuxe,3.0206621268595684,4.0,237,Reno
Cafe Du Monde,3.1346700968077283,4.0,127,Metairie
Cafe Envie & Espresso Bar,3.17833718599829,4.0,447,New Orleans
Cafe Fiorello's,3.6387371794871797,3.5,115,West Chester
Cafe Fleur De Lis,2.703088828576596,4.0,1865,New Orleans
Cafe Napoli Restaurant & Pizzeria,3.08792796046546,4.0,114,Wilmington
Cafe Nino,3.264366499819625,4.0,63,New Orleans
Cafe Noir,3.4907291666666667,4.0,7,Metairie
Cafe Olivia,3.378104761904762,4.5,34,Indianapolis
Cafe Pontalba,2.0450945001569156,3.0,560,New Orleans
Cafe Ponte,3.2103934705354282,4.5,541,Clearwater
Cafe Provencal,3.076224176749177,4.0,116,Saint Louis
Cafe Reconcile,3.367788945781662,4.5,152,New Orleans
Cafe Roma,1.7649939838821773,3.0,110,New Orleans
Cafe Soleil,3.398490935954744,5.0,468,St. Pete Beach
Cafe Square One,3.0055816613556194,4.5,245,Philadelphia
Cafe Verdi Restaurant,2.489755527111777,3.0,44,Wilmington
Cafe Victoria's,2.1484634688228437,3.0,29,Philadelphia
Cafe Vienna,2.4344562304147286,4.0,71,Saint Petersburg
Cafe de Marco,3.03,4.5,9,North Redington Beach
Caffe Primo,3.020572188250207,4.0,114,Santa Barbara
Café Aqui,3.649375,5.0,11,Tucson
Café Cuba,2.8990755969785575,3.5,42,Valrico
Café Jems,2.1999999999999997,4.0,11,Tampa
Café Piazza,2.6432094840633904,4.0,164,Saint Louis
Café Zupas,2.6602927170868345,3.0,75,Boise
Café at The Square,3.0267329364916615,4.0,293,New Orleans
Cajun & Grill,2.803515384615385,3.5,10,King of Prussia
Cajun Gourmet,0.6898660714285714,2.5,15,Saint Louis
Cajun Kate's,3.5485426847052395,5.0,140,Boothwyn
Cake Life Bake Shop,3.1312834992502734,4.5,241,Philadelphia
Cal Taco,2.770317904317904,4.0,189,Goleta
Caleco's Bar & Grill,2.2057999677209605,3.0,532,Saint Louis
California Pizza Kitchen,2.5189200235528357,3.0,49,Indianapolis
California Tortilla,1.3865625,3.5,23,Phoenixville
Calypso Restaurant,2.8736249999999997,3.5,7,New Orleans
Camac,1.4430921052631578,3.0,6,Philadelphia
Campanella's Italian Restaurant & Pizza,2.2608629354276677,3.0,103,Pinellas Park
Cancun Mexican Restaurant,1.3840814393939391,2.5,9,Indianapolis
Candida's Pizza,2.1349388875013875,2.5,22,Ambler
Candlewyck Beef & Ale,2.4665538194444445,3.0,81,Buckingham
Cannoli Queen,3.166905753968254,4.5,62,Greenwood
Cantina Los Tres Hombres,2.7275060274670526,3.0,284,Sparks
Capital Beer,2.5758566017316014,3.5,75,Philadelphia
Capital One 360 Café,2.92444493006993,4.0,5,Wilmington
Capitol Cellars,3.186935748988484,4.0,176,Boise
Capo De Monte Italian Market,3.4827896825396825,4.5,41,Seminole
Capofitto,3.308413272999097,4.5,205,Philadelphia
Capogiro Gelato,2.7110384227913036,4.0,252,Philadelphia
Capone's Southside Cucina,1.7928933514402263,3.0,19,Fenton
Caposey's Whole Works,3.1899330715178538,4.5,212,New Port Richey
Cappy's Pizzeria- Seminole Heights,2.643940695517236,3.5,221,Tampa
Capriotti's Sandwich Shop,2.7496733405483407,3.5,50,Nashville
Captain Al's,1.4343012716450216,3.0,7,Saint Petersburg
Captain Bill's Oyster Bar,3.1075932682850134,4.0,493,Treasure Island
Captain D's,1.6216405122655122,2.5,22,St Louis
Carino's Italian Ristorante,3.4329648437499998,4.0,133,St Pete Beach
Carisilo's Mexican Restaurant,2.6278593544231446,4.0,65,Collinsville
Carisma Restaurante,3.310840362296434,4.0,103,Skippack
Carl's Jr,2.759776515151515,3.0,18,Edmonton
Carlota's Authentic Mexican Cuisine,2.598232142857143,3.5,46,Tucson
Carmelita's Mexican Restaurant,2.4877748458105597,3.5,108,Largo
Carmine's Parkside Pizza,2.6398267857142854,3.5,60,Chester Springs
Carmine's Steakhouse,2.9906894161480615,4.0,261,Saint Louis
Carniceria Y Taqueria Don Juan,3.525653399198538,4.5,109,Nashville
Carrabba's Italian Grill,1.9549935808343701,3.0,183,Metairie
Carrollton Market,3.2947877144136215,4.5,192,New Orleans
Carson's Dockside Grill,2.90231737012987,3.5,6,Ridley Park
Caruso's,2.471040405141181,3.5,381,Tucson
Casa Azteca,2.3856371211879908,3.5,54,O Fallon
Casa Gallardo Mexican Restaurant & Cantina,2.152658335982199,2.5,10,Bridgeton
Casa Garcia Mexican Restaurant,2.6239428740083635,3.5,197,Metairie
Casa Molina Del Norte,2.4141190115440114,3.0,116,Tucson
Casino Del Sol,2.573831283084742,3.0,298,Tucson
Casita Taqueria,3.1083543467023422,4.5,103,Saint Petersburg
Cask And Ale,2.895199793304429,4.0,118,Saint Petersburg
Casselli's Ristorante,2.0129843847985764,3.5,39,Philadelphia
Castrillo's Pizza of Donelson,3.657410714285714,3.0,9,Nashville
Castrillo's Pizza of Inglewood,2.5042951132861844,3.5,101,Nashville
Cat Therapy,3.623847619047619,4.5,116,Santa Barbara
Cate Zone Chinese Cafe,2.981228662571195,4.5,264,University City
Catelli Ristorante & Caffe,3.564491758241758,4.0,8,Voorhees
Catrina's,3.0538773603397047,4.0,105,Edwardsville
Cava Restaurant & Bar,3.233278862521507,4.0,367,Montecito
Caviar & Bananas,2.7382837842067076,3.5,159,Nashville
Cayton's Burger Bistro,2.675913888888889,4.0,95,Marana
Cecil Whittaker's Pizzeria,1.3605714285714283,2.5,16,Florissant
Cedar Park Cafe,2.961517544412156,4.0,301,Philadelphia
CedarBrook Deli,2.12375,3.5,5,Cedarbrook
Cellini,3.3044841269841267,3.5,8,Tampa
Central Park,1.9982083333333331,2.5,27,Springfield
Central Pizza,1.6628952297702295,2.5,36,Pinellas Park
Centro Cantina,1.9721905846974206,3.0,107,Tampa
Cerveza Jack's,3.241071528849938,4.0,182,Nashville
Cha Cha Chow Food Truck,3.304014739229025,3.5,46,Saint Louis
Chaat and Chai,3.3704980530653557,4.0,50,Philadelphia
Chadds Ford Tavern,2.0389429377085038,3.5,148,Chadds Ford
Champions,3.1799420307185375,4.0,73,Nashville
Champps Penn's Landing,1.6869714428637224,2.5,38,Philadelphia
Chan's Halal Restaurant,2.2224999999999997,3.0,44,Philadelphia
Chappy's Restaurant,3.5583348448058794,4.5,53,New Orleans
Charlie & Barney's,3.579684343434343,4.5,12,Indianapolis
Charlie Brown's Steakhouse,1.5174815613330122,3.0,72,Springfield
Charro Steak & Del Rey,3.0641315795408826,4.0,589,Tucson
Chase Restaurant,2.4694470362657053,3.0,436,Santa Barbara
Chase's Hop Shop,3.268853091931217,4.5,116,Philadelphia
Chateau Cafe,2.5069421446608944,3.0,66,New Orleans
Chatham Tap Fishers,2.6528960094581837,3.5,262,Fishers
Chatham Tap Mass. Ave.,2.9702999398222896,4.0,427,Indianapolis
Chatime - Bubble Tea Cafe,2.9974171639011336,3.5,182,Tucson
Chavelita's Cocina Mexicana,3.6036989795918366,4.5,120,Reno
Checkers,1.3834037388392857,2.5,15,Stratford
Checkers Pizza,0.705,3.0,17,Edmonton
Cheddar's Scratch Kitchen,2.6502560014350047,3.0,117,Hendersonville
Cheeburger Cheeburger,1.5538458248047242,3.0,42,Chalfont
Cheese ZZZ,2.873611111111111,2.5,13,Clearwater
Cheeseburger In Paradise,1.9375353358805942,2.5,20,Exton
Cheeseburger Island Style,2.442471705426356,2.5,42,Reno
Cheeseburger in Paradise,2.3373400642651836,3.0,103,Indianapolis
Cheesy Rider,2.81859375,3.5,7,Tucson
Chef JJ's Back Yard,3.3471895803270804,4.5,41,Indianapolis
Chef Joseph Poon,2.876075487012987,3.0,22,Philadelphia
Chef's Market Cafe & Takeaway,3.399516741968677,4.5,319,Goodlettsville
Chenango Restaurant & Bar,2.1264097744360897,2.0,10,Philadelphia
Cheu Noodle Bar,2.9163829200216127,4.0,818,Philadelphia
Chiang Mai Thai Noodle,2.9768553358843537,4.0,185,Indianapolis
Chicago Connection - Overland,2.8660625,2.5,17,Boise
Chicago Deli & Coney Dogs,2.8545,3.0,16,Largo
Chicago Joe's Pizza & Pub,2.9018892045454545,3.5,13,Edmonton
Chicago Paulies,3.611836348733112,5.0,186,Tampa
Chicago's Stuffed Pizza,2.1637732267732264,2.0,17,Oldsmar
Chick-fil-A,2.7554596949175063,3.5,112,Nashville
ChickeNuevo,1.7885076530612243,3.0,33,Marana
Chicken and Watermelon,3.074428436147186,3.5,124,New Orleans
Chickie Wah Wah,2.8888614451869428,4.0,126,New Orleans
Chickie's & Pete's,2.5428067258755154,3.5,590,Philadelphia
Chile Burrito,3.2184450088514938,4.0,92,Brentwood
Chili'S Grill And Bar,1.441625,2.5,16,Land O' Lakes
Chili's,2.1776794803418857,2.5,67,Tampa
Chili's Texas Grill,2.2972045153920155,2.5,20,Edmonton
Chill Restaurant & Bar,3.157302687500885,4.0,287,Saint Pete Beach
Chimi's Fresh-Mex,3.2487619492293973,4.5,125,Saint Louis
China Bowl & State Street Cafe,1.873384679081883,2.0,61,Santa Barbara
China City Restaurant,2.911212121212121,2.5,14,Saint Petersburg
China Dragon Restaurant,1.3904761904761904,3.0,23,Tucson
China Empire,1.3821088299101691,2.5,54,Reno
China Garden Restaurant,2.828333333333333,3.0,12,Bryn Mawr
China House,0.5214772727272727,2.5,8,Tampa
China King,1.7940625,3.5,42,Lansdale
China Kitchen,2.835331645345887,3.5,141,Reno
China Olive Super Buffet,0.7072002331002331,2.5,38,Tucson
China One,2.8490104166666663,4.0,23,Indianapolis
China Pearl,0.9235732323232323,1.5,27,Langhorne
China Spring,2.496113244514106,3.5,33,Nashville
China Star,2.1976150793650793,3.0,10,Philadelphia
China Taste,1.6464048606834976,3.0,19,Dunedin
China Wok,2.9545874489399484,4.0,44,New Port Richey
Chinese Delight,2.2819169277360065,3.0,52,Wayne
Chinese Duck House,2.4983307490004085,3.5,250,Reno
Chinese Express,3.6453541666666665,4.0,15,Ferguson
Ching Asian Bistro,2.656296875,4.0,55,Franklin
Chipotle Mexican Grill,2.1781692574590066,3.0,76,Tucson
Chopstick House,2.860079152046784,4.0,78,Antioch
Chopstix,2.170119047619047,3.0,32,Tampa
Chopstix Asian Dining,2.9689952999952065,4.5,50,Tucson
Chopt Creative Salad Co.,2.6828996003996006,3.5,135,Brentwood
Chris' Pizza Village Pleasant View,2.5930924479166664,4.0,31,View
Chris's Sandwich Shop,3.369659508348794,4.5,32,Ardmore
Chubbie's Fried Chicken,3.1380859126984126,4.0,70,New Orleans
Chuck E Cheese,2.876729437229437,3.5,7,Edmonton
Chuck E. Cheese,2.196656056658889,3.0,57,Tucson
Chuck's Alibi,1.978182977736549,2.0,76,Philadelphia
Chuck's BBQ,1.9361274509803923,3.0,36,Bristol
Church's Chicken,2.248698880154237,2.5,21,St. Louis
Ciao's Trolley Pizza & Grill,2.9525963203463204,4.0,77,Wilmington
Cicis,1.8219642857142857,3.0,31,Tampa
Ciconte's - Swedesboro,2.746266700487013,3.0,38,Swedesboro
Cinco de Mayo,2.3723030303030304,3.5,35,Old Hickory
Cinnaholic,1.9681107390873014,4.0,82,Meridian
Circle 7 Ranch,2.89152593537415,4.0,236,St. Louis
Circle S BBQ,2.4578813244047617,4.0,75,Hudson
Citi Market place,3.3778854289613425,4.5,86,Philadelphia
City Barbeque,2.8879462965491465,4.0,188,Fishers
City Grange,2.191953621031746,3.0,7,Philadelphia
City Greens,2.867142992424242,4.0,66,Metairie
City Kitchen Pizzeria,3.2546388888888886,4.0,11,Southampton
City Limits Bakery & Cafe,2.6882332158470326,4.0,112,Nashville
City Limits Sports Bar & Grill,3.57,4.5,10,Greenbrier
City Market Eats,3.6088636363636364,4.5,8,Tampa
Claim Jumper Steakhouse & Bar,1.6434889678454723,2.5,325,Tucson
Classic Asia,3.5812212641675956,4.5,53,Haddon Heights
Clear Sky on Cleveland,3.355480181190818,4.5,350,Clearwater
Cleopatra Cafe,1.6666583656094351,2.0,56,Philadelphia
Clock Restaurant,1.7828920454545454,3.0,11,Zephyrhills
Club 21,3.2183960246598637,4.0,56,Tucson
Coast Tampa's Bay Cuisine,2.544185185185185,4.0,38,Tampa
Coco Deep Fried Chicken,2.038743467209201,4.0,56,Edmonton
Coco Thai Bistro,2.868786889194809,4.0,142,Narberth
Coco's Cocina Tex Mex  Restaurant,2.3252538105413105,3.5,59,Pitman
Cocoa's Restaurant & Lounge,1.4311000434027776,2.5,10,Edmonton
Cody's Beef 'n Beans,3.101738184434613,3.5,122,Tucson
Cody's Original Roadhouse,1.5465769671504965,3.0,79,Saint Petersburg
Coffee,2.1242480335884353,4.0,57,Marrero
"Coffee, Lunch.",3.4492857142857143,4.0,54,Nashville
Coffeebar,3.392271056609085,4.5,676,Reno
Cold Spring Tavern,2.939258132609737,4.5,1018,Santa Barbara
Cold Stone Creamery,2.2756755456349205,3.5,36,Indianapolis
Coliseum Pizza & Steak,3.3029808576839823,3.5,68,Edmonton
Commonwealth Kitchen,2.870077933009751,3.5,38,Philadelphia
Companion Ladue Cafe,2.9345600278276183,4.0,160,Saint Louis
Compère Lapin,3.1643718544577197,4.5,804,New Orleans
Concord Bowl and Recreation,0.6559999999999999,3.0,27,Saint Louis
Concord Steaks,2.799625,3.5,33,Chadds Ford
Coney Island,2.9317363108122034,3.5,63,Zephyrhills
Convivio Italian Artisan Cuisine,3.2068969182265126,4.5,339,Carmel
Cool Springs Brewery,2.838744734397547,3.5,264,Franklin
Copa Cabana,0.5675,3.5,7,Nashville
Copabanana,2.0398958284823,3.0,334,Philadelphia
Copper Vine,3.7642578125,4.5,350,New Orleans
Corner Bakery,1.9839747779793733,3.5,63,King of Prussia
Corner Cafe,2.6294791666666666,2.5,30,Royersford
Corner Cafe & Deli,2.2528564814814813,2.5,33,Huntingdon Valley
Cornerstone Inn,1.3937869822485207,3.5,10,Philadelphia
Corropolese Bakery & Deli,3.3803988095238093,4.5,89,Royersford
Cortina Ristorante & Bar,2.1143499999999995,3.0,5,Reno
Cosi,1.8220873943364932,2.5,115,Philadelphia
Cosmetic Solutions,0.7698571428571428,3.5,17,Lula Lula
Cotoletta,2.192833333333333,4.5,41,Belmont Hills
Country House Restaurant,2.8438511904761903,3.5,48,Thorofare
Cove Cay Golf Club,2.756953573232323,3.5,43,Clearwater
Cowboy Burger,1.46,3.0,8,Metairie
Crab House,2.8535,4.5,19,Saint Petersburg
Crabby Bills Clearwater Beach,2.596946803086778,3.5,408,Clearwater Beach
Cracker Barrel Old Country Store,2.3994924937207043,3.5,108,Tampa
Crazy Sushi,2.409436019024966,4.0,550,Philadelphia
Creazian,3.4635093222816504,4.5,124,Reno
Creekside Inn,1.9650289987789986,3.5,20,Woodstown
Creole House Restaurant & Oyster Bar,2.778991096456377,4.0,1594,New Orleans
Crepe Works,0.6734821428571428,2.5,14,Edmonton
Crescent City Steak House,2.781086536558679,3.5,226,New Orleans
Crispers,3.120782097069597,3.5,45,Tampa
Crocodile Catering,3.5679583333333333,4.5,15,Wayne
Crossroads Grille,2.6856157124125875,3.0,19,Antioch
Crown & Bull,2.729464013390648,3.5,668,Dunedin
Crown Fried Chicken,2.1084598214285712,2.5,16,Philadelphia
Cru Cellars - Palma Ceia,3.3816130102189477,4.0,184,Tampa
Crumb de la Crumb,2.802684058233258,4.0,147,Nashville
Crust N Fire,2.376623897470051,3.5,94,Mount Laurel
Crust N' Fire,3.210740007541478,3.0,35,Medford
Crystal Diner,2.122662727381745,3.0,29,Edgewater Park
Cucina Zapata,3.19930356550894,4.5,248,Philadelphia
Cuenelli's Peruvian Restaurant,2.9248952136425044,4.0,249,Tampa
Culver's,2.6806449503895036,3.5,140,Tampa
Cumin Cafe,3.212752525252525,3.0,8,New Hope
Cunetto's Corner Cucina,2.142913551108313,3.0,17,Edwardsville
Curries and Chutneys,2.5481073288690474,3.5,34,Indianapolis
Curry Corner,2.895406746031746,2.5,8,New Orleans
Curry In A Hurry,1.4165416666666664,2.5,5,Saint Louis
Cuzino's Pizza & Pasta,3.2564662247474745,4.0,31,Lansdale
Cyrano's,2.94203390858501,4.0,315,Saint Louis
D-Town Bar & Grill,1.3999285714285714,3.0,91,Dunedin
DK Donuts,3.1506737103174602,4.0,56,Boise
DK Sushi,3.2284895176252317,3.5,30,Philadelphia
DOSC,2.89321694214876,4.0,87,Edmonton
Da Vinci's,1.9665795858632709,3.5,20,Reno
Da Vinci's Brick Oven Pizzeria,2.604599713916574,4.0,58,Feasterville Trevose
DaVinci's Cafe,2.1003947368421048,2.5,7,Tampa
Daddy Dawgs Hot Dogs & Ice Cream,3.4998343253968254,4.5,84,Safety Harbor
Daddy Jack's Restaurant & Bar,2.2624854004600246,3.5,93,Indianapolis
Dagwood's Pub,3.141873643593747,4.0,123,Philadelphia
Dagwoods Sports Tavern,2.8048214285714286,3.0,33,Tampa
Daily Dish Events & Catering,2.6133482075231025,4.0,47,Franklin
Dairy Queen,2.088856710457752,2.5,11,Southport
Dairy Queen Grill & Chill,0.6766964285714285,2.0,28,New Port Richey
Dale's Family Restaurant,3.089698474702381,4.0,156,Indianapolis
Danny Boy Beer Works,2.8422293648339565,3.5,187,Carmel
Danny's Baboquivari Restaurant & Lounge,3.6336221590909092,4.0,59,Tucson
Dantes Ristorante Pizzeria,2.915519345238095,4.0,23,East Norriton
Darrell and Sharon's Park Street Diner,2.8098830339573846,4.0,23,Saint Petersburg
Dave & Buster's,1.3888260309237908,2.0,351,New Orleans
Daves Dogs - Cart,3.491234347442681,5.0,156,Santa Barbara
Dawn Patrol,3.1116303253748105,4.0,807,Santa Barbara
DeLosa's New York Pizza,2.3954640151515147,3.0,8,Tampa
DeSandro on Main,1.3450501893939393,3.0,41,Philadelphia
Deccan Spice,3.0561242760636103,4.0,268,Clearwater
DeeGusto's,2.434263888888889,4.0,20,Indianapolis
Deepwater Diner,2.5474851662887374,4.0,49,Penns Grove
Deja Brew Laugh A Latte,3.416971071896853,4.5,115,Meridian
Del Taco,1.9523662393162393,1.5,60,Sparks
Delicia,3.078277895557311,4.5,603,Indianapolis
Delux Burger Bar Magrath,2.018029057017544,3.0,34,Edmonton
Deluxe Italian Bakery,2.9704374999999996,4.0,53,Runnemede
Denny's,1.2581697370431975,2.5,86,Essington
Desi Spice,2.563533914145318,4.5,51,Trooper
Desi Village Indian Cuisine,2.6746853607047374,3.0,148,King Of Prussia
Desire Oyster Bar,2.881796669670391,4.0,1084,New Orleans
Devon Donut & Bagel Company,2.446878472222222,4.0,21,Paoli
Dewey's Pizza,2.9209626961422024,4.5,237,University City
Diablo's Sports Bar and Grill,1.6764697394109156,2.5,15,Tucson
Dickey's Barbecue Pit,2.793560198469395,2.0,82,Metairie
Dimaggio's Restaurant,1.4312499999999997,2.5,12,Sherwood Park
Dinardo's Famous Crabs,1.8149724046565632,2.5,256,Philadelphia
Dingho,2.561122863247863,3.5,42,Saint Louis
District Donuts Sliders Brew,3.187145443234324,4.5,2062,New Orleans
District Tavern,3.4050376865926584,4.0,227,Tampa
Dmitri's,2.5447619255035394,4.0,273,Philadelphia
Doan's Restaurant,2.6920009063852812,3.5,47,Edmonton
Doc Bakers Farmulations,2.9069177957459207,4.0,40,Doylestown
Doc Magrogan's Oyster House - West Chester,1.9714859031326204,3.0,114,West Chester
Dolan's Irish Pub,2.23800395582355,3.5,41,Burlington
Dolce Ristorante,2.4101952630702628,2.5,13,Oaks
Dolce Vita,3.5492011019283747,4.0,10,Bridgeport
Doll's Family Cafe,3.320084307359307,4.0,39,Nashville
Dolphin Diner,1.8693016968150897,2.0,45,Burlington
Dominic's,2.502814063188933,3.5,24,Media
Dominic's Italian Grille,2.207459696007705,3.5,48,Palm Harbor
Dominic's Trattoria,2.8955146103896103,4.0,50,Saint Louis
Dominick's Pizzeria and Restaurant,3.7057142857142855,4.5,38,Plumsteadville
Domino's Pizza,1.925020803142856,1.5,14,Harvey
Don & Bert's Custard Stand,2.8930371240601502,4.0,24,Paulsboro
Don Cherry's Sports Grill,2.5093781818181817,3.0,6,Edmonton
Don Day,2.53881764069264,4.0,13,Edmonton
Don Pablo's,2.454832986759617,2.5,154,Woodbury
Dona Linda,0.6883273491214668,4.0,19,West Chester
Donatello's,1.7596753246753245,2.5,11,Maryville
Donatos Pizza,0.6399999999999999,3.5,21,Mooresville
Dong's China Buffet,2.516358489549666,3.5,59,Mooresville
Donnie Russell's Pic III Wings & Things,3.583315319548872,3.5,34,Medford
Donut Drive-In,3.3996311206637766,4.5,268,Saint Louis
Donut King,3.604761904761905,4.5,45,Tucson
Dooners,2.5770566653398683,3.5,109,Saint Petersburg
Dooney's Pub Delran,2.985979270233403,3.5,97,Delran
Dorignac's Food Center,3.0009562753419172,4.0,127,Metairie
Dos Amores Mexican Cuisine,3.5864938662190085,4.5,12,Newtown
Dosa Hut & Chaat House,2.6998298655337716,3.5,147,Norristown
Dosa Hut Indian Grill,2.5840882226276736,4.0,99,Nashville
Dot's Dairy Bar,2.1495535714285716,4.0,9,Levittown
Dots Diner,2.735359126984127,3.5,161,New Orleans
Dots Diner - Williams Blvd.,2.7663838670798895,4.5,234,Kenner
Dots Diner - by Central,3.1777051749271132,4.0,35,Jefferson
Double Decker Pizza - Media,2.759219188532056,4.0,88,Media
Double Greeting Wonton House,2.7299463381185807,4.0,52,Edmonton
Dove Mountain Grill,3.218494318181818,3.5,21,Marana
Dover Kam Kitchen,2.1185714285714283,3.0,9,Edmonton
Dragon City,1.4049785353535353,2.5,25,Brandon
Dragon Garden,3.2161262734661173,3.5,22,Springfield
Dragon House Chinese Eatery,2.4781792929292927,3.0,117,Fishers
Dragon Palace,2.132038888888889,2.5,9,O Fallon
Drexel Hill Pizza & Grill,2.867042748917749,3.0,54,Drexel Hill
Duck Donuts,2.8788504280772136,4.0,121,Marlton
Due Lune Cucina,3.7175,4.0,79,Santa Barbara
Dugout Bar,2.769171428571428,4.0,128,Indianapolis
Duke's Bbq,2.154929292929293,3.0,16,Norristown
Duling-Kurtz House & Country Inn,2.6791293638772435,3.5,86,Exton
Dumplings the Restaurant,1.4194108796296296,3.0,8,Edmonton
Dunedin Bagels & Deli,1.868566635745207,3.0,82,Dunedin
Dunkin',1.2740434431216932,2.0,13,Mount Laurel
Dynasty Century Palace,1.4565128968253966,3.0,36,Edmonton
E Sushi Japanese Grill & Sushi Bar,3.069057036564626,4.0,101,Spring Hill
E and L Pizza,2.8739999999999997,4.0,45,St. Petersburg
E+ROSE Wellness Cafe of Brentwood,2.091428571428571,4.5,51,Brentwood
EATS! American Grill,2.905917601961601,4.0,323,Tampa
Eagle Creek Coffee Company,2.1998749999999996,4.0,12,Zionsville
Earl of Sandwich,2.486412851037851,3.5,81,Philadelphia
Earl's New American,2.959088839339585,3.5,135,New Hope
Earls Kitchen + Bar,1.8049544642857143,3.0,37,St. Albert
Earnest Bar & Hideaway,2.85970537406083,4.0,265,Nashville
Earth's General Store - Downtown,3.3494315656565656,4.0,16,Edmonton
East Beach Grill,2.705701465275632,3.5,169,Santa Barbara
East Coast Pizza,2.6880743498294635,4.0,227,Riverview
Eat Mah Taco @ Pal's Lounge,3.5550248917748917,4.5,8,New Orleans
Eat-well Food Mart,3.058934763153513,4.5,126,New Orleans
Eatalia,3.0452754713830963,4.0,166,Philadelphia
Eau Cafe,2.081243089658109,3.0,50,Saint Louis
Eclipse Pizza Co.,3.197979307039885,4.5,278,Reno
Ed's Pizza House,2.948928571428571,1.5,24,Philadelphia
Eden Korean Restaurant,3.1859982159391533,4.5,32,Cherry Hill
Edgehill Cafe,2.6732476622189862,3.5,245,Nashville
Edison's Entertainment Complex,2.2579236557880726,3.5,88,Edwardsville
Edley's Bar-B-Que - 12 South,2.879874337237219,4.0,1114,Nashville
Eduardo's Filipino,3.5378733766233768,4.0,16,Indianapolis
Eeffoc Cafe,2.5852706129374092,3.0,31,Wilmington
Eet Gud Bakery,2.575780414438502,4.5,78,Trenton
Egg Platter,1.409758888888889,2.5,60,Pinellas Park
Einstein Bros Bagels,2.4949561751973515,2.5,52,Saint Louis
Einstein Bros. Bagels,1.4211590909090908,3.0,34,Indianapolis
Ekta Indian Cuisine,2.7702377559466065,4.0,193,Bryn Mawr
El Alazan,3.5795238095238093,4.5,13,Indianapolis
El Arado Mexican Grill,2.51279767022173,3.0,162,Indianapolis
El Camino Real,2.3935061212508644,3.5,1014,Philadelphia
El Charro Cafe,2.5434319630164635,3.5,436,Oro Valley
El Chicanito Mexican Restaurant,2.4198958333333334,4.0,10,Port Richey
El Dorado,2.1637250249750246,2.5,10,Tucson
El Fogón Latino,2.821760670731707,4.5,19,Edmonton
El Gallo Giro,2.7702413918465933,3.5,63,Boise
El Gallo Grande,2.025057554995611,3.5,157,St. Petersburg
El Jefe Restaurant & Mexican Grill,2.1131238232666805,3.5,69,Newark
El Limon - Malvern,3.257374095078063,4.5,267,Malvern
El Maguey,2.319686854256854,3.0,69,Bridgeton
El Manjar,1.42675,4.0,17,Tampa
El Mariachi,3.6035,4.0,30,Edmonton
El Merendero,3.1234099726580973,4.0,202,Tucson
El Meson,0.707,3.0,7,Franklin
El Pollo Loco,2.533065476190476,3.5,54,Reno
El Rancho Mexican Grill,1.3675,2.5,9,Port Richey
El Rancho Nuevo,3.6197158385093164,3.5,66,Saint Charles
El Rey,1.997120515758751,3.0,89,Nashville
El Sabor Poblano,2.8065806984681982,3.5,56,Philadelphia
El Sabroso Oakwood Grill,2.208729946524064,3.0,7,Tucson
El Salvadoreno Pupuseria Restaurant,0.58,3.5,29,Clementon
El Sitio,1.860472526115189,3.5,80,Goleta
El Sol De Tala,2.646106916623228,3.5,81,Indianapolis
El Sur Restaurant,2.8782008088588973,4.5,28,Tucson
El Taco Torro,1.464267857142857,3.5,14,Indianapolis
El Tequila,3.396455650252525,4.0,67,Runnemede
El Tipico Criollo,3.279132615546218,4.0,62,Tampa
El Tumi Peruvian Restaurant,3.04093370681606,3.5,83,Reno
Elevation Burger,2.105930794067804,3.0,202,Wynnewood
Eli's Bar B Que,3.0039119734432234,4.0,92,Dunedin
Elicia's Pizza,2.2767115226624504,2.5,8,Saint Louis
Elotes Nayarit Y Taqueria,2.177613636363636,4.0,8,Nashville
Em J's Cafe,3.0549719102856434,4.0,129,Berwyn
Embassy Suites by Hilton Tampa Airport Westshore,1.5554965972159733,2.5,121,Tampa
Embassy Suites by Hilton Tampa Downtown Convention Center,1.685283685270331,2.5,209,Tampa
Emerald City Cafe & Catering,2.636050985621521,3.5,32,Reno
Empire Deli & Pizza Co,2.394135267896671,3.5,61,Saint Louis
Empress Garden,3.044981611535187,4.0,263,Philadelphia
Enjoi Sweets & Company,3.6269791666666666,4.5,9,Tampa
Enzo's,2.8113166666666665,3.5,9,Philadelphia
Enzo's Pizzeria & Pasta from New York,3.2555989583333336,4.0,38,Westchase
Epiphany Restaurant,2.295792575757576,3.5,29,Santa Barbara
Erawan Thai Cuisine,2.9907869927691353,3.5,180,Philadelphia
Erbil Kabob,3.4195747767857143,4.0,39,Nashville
Essene Market & Café,2.7040249920697117,3.5,149,Philadelphia
Estela's Mexican Restaurant,1.9988017316017312,2.5,34,Saint Petersburg
Euro Grill,2.8824348994755242,4.0,26,Nashville
Events By Rincon,3.5422462203347247,4.5,109,Carpinteria
Express Cafe,3.4387249672476647,4.5,119,Meridian
F & M Delicatessen,2.919840364725871,3.5,67,Mount Laurel
Fabio's Chicken Restaurant Takeout,3.564172619047619,4.5,14,Philadelphia
Fahrenheit Heating and Cooling,0.6779427083333333,2.0,56,Feasterville-Trevose
Fair Grinds Coffee House,2.818316566202368,4.0,161,New Orleans
Famoso,2.41475444270339,3.5,60,Edmonton
Famoso Neapolitan Pizzeria,2.631136885980025,4.0,117,Edmonton
Famous Crab Cakes,2.891279538396386,3.5,37,Claymont
Famous Dave's,2.8027468629602086,3.5,59,Franklin
Famous Famiglia,0.7010714285714286,1.5,25,Nashville
Famous Sam's,1.7922478873399326,2.5,26,Tucson
Famous Sam's Restaurant & Bar,1.4720787545787546,2.0,25,Tucson
Famous Szechuan Pavilion,3.0764024744999006,4.0,22,Brentwood
Famous Toastery,2.509729827110024,3.5,115,Exton
Farm To Fork Eatery,1.625580211251167,3.5,10,Sherwood Park
Farm a Sea Bistro & Crafthouse,2.671823998917749,3.0,28,Newark
Farmer Boy,3.08698814229249,4.0,255,Santa Barbara
Farmer's Market Deli & Grill,3.3072857142857144,3.5,9,Nashville
Farmer's Road Drive Thru,3.248,3.0,10,Chadds Ford
Farmhaus Restaurant,3.0623165565803023,4.0,324,Saint Louis
Fast & Fancy Restaurant,2.8281770833333333,3.5,7,Media
Fast Burrito,2.845817669172932,4.0,34,Indianapolis
Fat City Diner,2.255142857142857,2.5,16,Metairie
Fat Jack's BBQ,2.9027777777777777,3.5,5,Vineland
Fat Jakks,3.598,4.0,8,Edmonton
Fatty's Bar & Grill,2.7375930803571427,3.0,38,Glenside
Favela Chic,2.555677380952381,3.5,90,New Orleans
Fazoli's,2.5956386946386942,2.5,32,Saint Charles
Feather Sound Country Club,2.9269610389610388,3.5,9,Clearwater
Federal Donuts,2.8830004119883874,4.0,530,Philadelphia
Felicias Pizza Kitchen,3.451489370748299,4.0,176,Ardmore
Felix's Restaurant & Oyster Bar,3.233773654916512,3.5,255,New Orleans
Fellini Cafe,2.8733315870205365,4.0,156,Newtown Square
Fellini Cafe of Media,3.1017131133442657,4.0,508,Media
Feltonville Express Pizza,0.5387276278409091,2.0,26,Philadelphia
Fez Moroccon Restaurant,2.1329252264864764,3.0,147,Philadelphia
Fiamme Pizza,3.5367538226948687,4.5,374,Tucson
Fiesta Azteca,2.514692307692308,4.0,15,La Vergne
Fiesta Lanes,2.1130882352941174,3.0,50,Tucson
Fiesta Maya Mexican Grill,3.398228786762109,4.5,130,Springfield
Fiesta Taqueria,3.3956564753173994,4.5,123,Largo
Filipiniana Philippine Café,2.813931553616634,4.0,108,Tampa
Filipino and Pho 97 Restaurant,2.159175824175824,2.5,7,Edmonton
Fill A Bagel & Breads,3.127216354875283,3.5,146,Jenkintown
Filomena Cucina Italiana,2.9211359560353065,4.0,75,Blackwood
Finley's Irish Pub & Eatery,3.2134608053099805,3.5,129,Largo
Finnegan's Pub,1.9880065076366706,3.0,70,Tucson
Fiore Cantina Italiana,1.3866536796536795,2.0,9,Edmonton
Fire + Spice Tucson,1.445113057081807,3.5,41,Tucson
Firebirds Wood Fired Grill,2.7406604645587698,3.5,417,St Charles
Fired Up BBQ,2.2621423498376623,3.5,53,Edmonton
Firehouse Bar & Grill St. Louis,2.28723634085213,4.0,76,Saint Louis
Firehouse Subs,2.7912585333588362,3.0,16,Indianapolis
Fireside Pizza Cafe,2.924685895331675,4.0,234,Palm Harbor
First Watch,2.831669983669712,4.0,320,Indianapolis
Fish & Co,3.65375,3.0,34,Nashville
Fisher's Tudor House,1.3633773291925464,2.5,42,Bensalem
Fisherman's Cove Seafood,2.905357977444647,4.0,91,Kenner
Fitlife Foods - Wesley Chapel,0.8174999999999999,4.5,18,Wesley Chapel
Five Guys,2.623943924620563,2.5,36,Boise
Five Guys Burgers and Fries,3.1232068452380957,4.5,12,Glen Mills
Five Guys Famous Burgers & Fries,3.6344444444444446,4.0,14,Tampa
Five Star Pizza,2.343462486917844,4.0,95,Tampa
Flambo Caribbean Restaurant,3.4870550863745304,4.5,138,Philadelphia
Flap-Jacks Pancake House,3.4245431203152554,4.0,78,Indianapolis
Flatbreads,2.152402597402597,2.5,24,Tampa
Flavor of India,2.9734934740903096,4.0,104,Saint Louis
Fleming's Prime Steakhouse & Wine Bar - Indianapolis,2.517005879315664,4.0,165,Indianapolis
Fleming’s Prime Steakhouse & Wine Bar,3.476263546597194,3.5,155,Metairie
Fleur de Lilly Rivertown Cafe Restaurant & Bar,1.7976893939393939,4.0,17,Kenner
Florida Subs & Gyros,3.4043769390331886,4.5,63,Clearwater
Flowing Tide Pub 3,2.677815789473684,4.0,102,Reno
Flying Pie Pizzaria,2.3977822607387,3.0,160,Meridian
Food Drunk Food Truck,3.0601325388626526,4.0,29,New Orleans
Food Source,2.3923020833333335,3.5,32,Reno
Foodery,2.6908776275007042,3.5,113,Philadelphia
Foodie Call,2.5085890339405963,4.0,23,New Orleans
Foods On First,2.2016757518796988,3.5,96,Philadelphia
Fort Ben Pub,3.53,4.0,47,Indianapolis
Fortel's Pizza Den,2.3235059523809523,3.5,64,Saint Louis
Fortunatos Pizza Station,2.1514449404761904,3.5,46,Pinellas Park
Fortune Chinese Restaurant,1.6804457469001588,3.5,87,Philadelphia
Foundation Room,3.306557781385281,4.5,60,New Orleans
Four Green Fields,3.449236616161616,4.5,39,Tampa
Fox & Hound,0.858900172879069,2.0,47,Goodlettsville
Fox and Hound English Pub and Grille,1.8430518475649775,3.0,65,Indianapolis
Fox’s Pizza Den,2.133023214285714,3.0,40,Zionsville
Foysters Dockside BYOB,3.5922744360902255,4.0,7,Delran
Foyt Wine Vault,2.8958441558441557,4.5,49,Indianapolis
Frabotta's Beach Kitchen,3.5353651785714284,4.0,188,Madeira Beach
Frady's One Stop Food Store,3.247273707664884,4.5,73,New Orleans
Francesco's Pizzeria & Ristorante,2.659780623582766,4.5,33,Burlington
Franci's Cafe,2.4135416666666667,4.5,34,Tampa
Francisco's On The River,2.7833509562052217,4.0,109,Washington Crossing
Francos Tomato Pies,1.4620663265306122,3.0,34,Yardley
Frank's Diner,3.104937509018759,3.0,30,Hudson
Frank's Pizza & Restaurant,2.7889821534315264,3.5,116,Tampa Bay
Frank's Spaghetti House,2.8226728896103896,3.5,43,Philadelphia
Frankie's Deli,3.4101662457912454,3.5,26,Clearwater
Franklin Juice Co,3.4587292613636365,4.5,66,Franklin
Franklin's,2.3526578841309194,3.5,129,Philadelphia
Franks Restaurant,3.654140625,3.5,32,Alton
Franny Lou's Porch,3.640970238095238,4.5,68,Philadelphia
Franzone's Pizzeria & Restaurant,2.584170914298734,3.5,110,Philadelphia
Fratelly Pizza & Restaurant,0.6302172619047619,2.0,20,Philadelphia
Fray's Donut House,3.2591339285714285,4.5,60,Saint Petersburg
Frazer Diner,1.8890241615463388,3.5,51,Frazer
Freddy's Frozen Custard & Steakburgers,2.4904656320471257,3.5,112,Marana
Frencheeze Food Truck,3.5934848484848483,4.0,30,New Orleans
Fresco Italian Sandwich Shoppe,3.168237847222222,4.5,41,Indianapolis
Fresco Pizzeria,2.8961509163533834,4.0,240,Tucson
Fresh Bar,2.1541719955768865,3.0,60,New Orleans
Fresh Cafe and Catering,2.5631430704384224,4.0,43,Tucson
Fresh Express,1.756427976190476,3.5,12,Reno
Fresh Gulf Seafood,2.8495918367346937,4.0,32,Philadelphia
Fresh Healthy Cafe,2.1633768939393936,3.5,8,Sherwood Park
Freshii,2.9167706050377924,4.0,98,St. Petersburg
Friendly's,1.4340017196149712,2.0,33,Springfield
Friendly's - Pottstown,2.291022091036054,2.0,37,Pottstown
Friendly's Bar And Grill,1.4105166666666666,3.0,19,Saint Louis
Fries Rebellion,2.597293059825318,3.5,103,Quakertown
Frist Art Museum Cafe,2.336884294871795,4.0,16,Nashville
Frog Bar & Grill,3.7015,4.0,16,Santa Barbara
Frontenac Grill,2.3463201197413697,3.0,22,Frontenac
Frontier Steakhouse,2.141614583333333,3.5,95,Tampa
Frosty Boy Drive-In,3.3731717878870895,4.5,54,New Palestine
Fuji Mountain Japanese Restaurant,2.9396875,4.0,44,Bryn Mawr
Fulin's Asian Cuisine,1.9036381800202697,3.0,126,Mt. Juliet
Fulton Alley,2.6091614928050344,3.5,182,New Orleans
Fulton Street Cafe,1.0109374999999998,3.0,24,New Orleans
Fusion Pizza & Grill,0.6575,2.5,6,Philadelphia
Fuzzy's Taco Shop,2.886827216291705,3.0,172,Tampa
G Peppers Grill & Tavern,2.723261607142857,4.0,82,Odessa
Gachi Sushi and Noodle,3.614800922761449,4.0,95,Philadelphia
Gaetano's of West Berlin,2.370652820910973,3.0,33,West Berlin
Galatoire's 33 Bar & Steak,2.6983184940099494,4.0,217,New Orleans
Gandolfo's New York Deli,0.7048153409090908,2.5,23,Tampa
Garage Pizza,2.620867465867466,4.0,6,New Orleans
Garbonzo's Pizza,1.461593445616883,3.5,26,Meridian
Garcias Mexican Restaurant,3.222448376623377,4.0,158,Franklin
Garden Bakery,2.399783337512758,3.5,45,Edmonton
Gary Ray's Texas BBQ,1.875829395531369,2.5,23,Tucson
Gateway Entertainment Centre,1.307071083933987,2.5,43,Edmonton
Gateway To India,3.0856056064270594,4.0,393,St. Petersburg
Gator's Dockside - Tampa,2.4833815675139452,3.5,158,Tampa
Gators Cafe & Saloon,2.3045618267399264,3.0,301,Treasure Island
Gavi Italian Restaurant,2.3670254629629626,3.5,6,Tucson
Gaylord Opryland Resort & Convention Center,2.21407235823178,3.0,1639,Nashville
General Tso's House,2.9656249999999997,3.0,38,Indianapolis
Gennaro's Tomato PIE,3.066302632169546,3.5,49,Philadelphia
Genoa Pizza and Grill,2.3711169602116295,4.0,24,Glenolden
Gentelin's On Broadway,3.036284573264038,4.0,69,Alton
George Rivolo Diner,2.8683455387205385,4.5,29,Saint Louis
George's Restaurant,0.6549999999999999,3.5,9,Mount Holly
George's Sandwich Shop,2.7036477611878085,4.0,93,Philadelphia
George's Wings,2.720341385796743,3.5,50,Philadelphia
Georgio's Pizza & Burgers,3.5582091836734695,3.5,9,Media
German Bistro,2.4003353174603173,4.0,25,Tampa
Germantown Pub,2.5255194743703266,3.5,167,Nashville
Ghini's French Caffe,2.7880403243825946,3.5,427,Tucson
Gia's Pizza,2.564933477864385,3.5,96,O Fallon
Gianna's Grille,2.7304353885493593,3.5,78,Philadelphia
Gigi and Big R,2.604361640641105,4.0,81,Philadelphia
Gillane's Bar & Grille,3.521005411255411,3.0,23,Ardmore
Gin Korean BBQ,2.8160737283549784,3.5,123,Metairie
Gini's Restaurant,3.586995879120879,4.5,12,Edmonton
Ginza Restaurant,3.3624409226190473,3.5,74,Land O Lakes
Gio's,3.2030337478741493,4.0,95,Tampa
Giordano's,2.514656116096677,3.5,284,Indianapolis
Giorgio Pizza on Pine,2.9103125,2.5,19,Philadelphia
Giovani Pizza,2.426237490492233,3.5,32,Philadelphia
Giovanni's Kitchen,3.25934800170068,4.0,75,Saint Louis
Giovanni's Pizzeria,2.1694281916000664,2.5,46,Philadelphia
Give Me Suga,3.3198214285714287,4.5,10,Chester
Global A'fare,2.7020674893288525,4.0,40,Tampa
Global Quesadilla Company,2.4315710575180223,3.5,146,Chesterfield
Glory Days Grill,3.3005987103174603,4.0,147,Brandon
Go! Gyro! Go!,3.5974415584415587,4.5,49,Saint Louis
Godavari,1.5044340034965034,3.5,32,Brentwood
Godfather's Pizza,1.064313381724096,3.0,58,Reno
Gold Coffee Pancake House,2.6338871654748606,3.5,92,Indianapolis
Golden Capital Restaurant,0.6921587519623233,3.5,8,Sherwood Park
Golden China Chinese Restaurant,2.126742607947608,4.0,30,Warminster
Golden China Restaurant,2.93346875,3.5,13,Tucson
Golden Chopstick Chinese Restaurant,2.7046698345672553,3.0,137,Philadelphia
Golden Corral Buffet & Grill,2.405112572056223,2.0,34,Saint Charles
Golden House,1.3773593749999997,3.0,16,Ambler
Golden River Restaurant,3.589892857142857,5.0,8,Riverside
Golden Triangle,3.506259837715071,4.5,159,Philadelphia
Golden Wings,3.2484012276785714,4.5,71,Gretna
Golden Wok,0.9917857142857143,2.5,12,Fishers
Goldy's Chick - n - Mex,2.1414999999999997,3.0,10,Wood River
Good Karma Cafe,3.0570798769219425,4.0,249,Philadelphia
Good Times Saloon,1.365,3.0,11,Dupo
Goody's Cafe,3.1444272919199023,3.5,31,Terrytown
Goose Creek Grill,2.2414938531609376,3.5,70,West Chester
Gourmet Pizza Company,2.527060853732005,4.0,185,Tampa
Gourmet Wok,2.2999452947845804,3.5,72,Chalfont
Grabbagreen - Franklin,3.061010508580335,4.0,73,Franklin
Grace Meat + Three,3.0820204641166935,4.5,470,St. Louis
Gracious Goods Cafe,2.8607142857142853,3.0,22,Edmonton
Grain Exchange,2.7483082960927687,3.5,239,Philadelphia
Gran Agave,3.1487878721135187,3.5,214,Riverview
Grand Deli & Subs,3.5707954545454546,4.0,34,New Port Richey
Grand Hyatt Tampa Bay,2.996756278766323,4.0,246,Tampa
Grand Isle,2.5819840539835344,4.0,588,New Orleans
Grand Lux Cafe,2.537462174889775,3.5,422,Cherry Hill
Granite City Food & Brewery,2.269965469397576,3.5,258,Indianapolis
Gray Brothers Cafeteria,2.866311123699245,4.0,302,Mooresville
Great American Steakburger,2.3538983838383833,3.5,26,Tucson
Great Rivers Tap & Grill,2.1007373737373736,3.5,24,Alton
Great Shanghai Chinese Restaurant,3.48,3.5,19,Morrisville
Great Taste Chinese Food,2.8064057239057236,3.5,22,Maple Shade
Great Wall,2.18819696969697,2.5,39,Saint Petersburg
Greco Roman,2.5791066468253967,4.0,33,Norristown
Greek Sotir Grill,1.6820659722222222,3.5,21,Hermitage
Green Basil Thai Kitchen,2.402803360276087,4.0,74,Philadelphia
Green Herb Thai Cuisine,2.166833333333333,4.0,39,Drexel Hill
Green Iguana Bar & Grill,2.2050191761363633,3.0,24,Tampa
Greenman's Deli,2.9082272727272724,2.5,18,Philadelphia
Greenplate,3.2335540476190476,4.0,47,Cinnaminson
Greko Greek Street Food,3.196608231422371,4.0,267,Nashville
Grill 131,2.639010416666667,3.5,51,Seminole
Grindhouse,2.9070833333333335,3.5,66,Clearwater
Grotto Pizza,2.1693675595238093,2.5,63,Wilmington
Groupers On The Gulf,3.261136679292929,4.5,117,Indian Rocks Beach
Growler's Taphouse,2.7485427340516626,3.5,149,Tucson
Gryphon Cafe,2.879428853779119,4.0,195,Wayne
Guido's Italian Restaurant,2.9617183716461786,3.5,128,Spring Hill
Guilin Chinese,2.467984240673542,3.5,116,Tucson
Gulfport Family Restaurant,0.6299450549450549,3.0,24,Gulfport
Gullifty's Restaurant,2.268719214653605,3.0,270,Bryn Mawr
Gunslingers,1.4143384800295857,2.5,6,Clearwater
Guo Bin Chinese Restaurant,1.941274041420181,3.5,51,Saint Louis
Guru's Indian Cuisine,3.41795937796569,4.5,356,Newtown
Gusto Osteria,2.9539442923210046,4.0,138,Tucson
Gyro Shack,3.359190825213146,4.0,67,Boise
H & T's Homecooking,3.460662878787879,4.0,129,Nashville
HK NOLA,2.8927642330257464,3.5,22,New Orleans
HORN'S EATERY,2.9452628226287407,4.0,597,New Orleans
Hablo Taco,2.5372592182441163,3.5,268,Tampa
Hachi,3.2441644039479938,4.5,258,Chalfont
Hacienda Restaurant & Bar,2.063128224206349,3.0,69,Reno
Hackett's Causeway Cafe and Creamery,3.1856334687303436,4.5,102,Dunedin
Haggen Food & Pharmacy,1.5530129528985506,2.0,28,Goleta
Hai Street Kitchen & Co,2.2984361890389997,3.5,100,Philadelphia
Hakka Beef House,3.576071428571429,4.5,33,Philadelphia
Halal Gyro King,3.1126306818181817,4.5,24,Philadelphia
Half-Way Market,3.262361111111111,4.5,10,Franklin
Ham's Deli,3.2758545918367346,4.0,12,St Charles
Hammerheads Bar & Grille,0.6878124999999999,2.5,15,Philadelphia
Hampton House Waffles & Eatery,2.7261849570072783,3.5,69,Feasterville
Han Dynasty,2.805550606493796,4.0,783,Philadelphia
HandleBar,3.3586674526728615,4.0,153,St Louis
Happy Garden Chinese Restaurant,2.8435073529411765,4.0,6,Indianapolis
Happy Italian Pizzeria,3.1883691371434937,4.0,97,Harahan
Happy Panda,1.423477564102564,3.0,14,Philadelphia
Happy Wok,2.1387499999999995,2.5,10,West Deptford
Harbor Seafood & Oyster Bar,2.7993907110856058,4.0,954,Kenner
Hardee's,1.7581537800237395,2.5,16,Saint Louis
Harold's Soul Food & Chicken,3.6032321428571428,4.0,17,Indianapolis
Harper's Pub & Restaurant,3.631678571428571,3.5,29,Clementon
Harr's Surf & Turf Market Inc,1.7889223944628354,2.0,34,Palm Harbor
Harry & Izzy's,2.9620465042137956,4.0,895,Indianapolis
Harry's Blue Bell Taproom,3.3859910404495164,4.5,131,Blue Bell
Hatter's Cross,3.0932189360119047,4.0,46,Nashville
Havana Dreamers Cafe,3.485533482142857,4.5,145,Trinity
Have A Greener Day,2.116594387755102,5.0,8,Indianapolis
Haveli Indian Cuisine,2.468496639743621,4.0,130,Indianapolis
Hearth Kitchen,2.78026164044289,3.5,97,Kennett Square
Hearthside,3.4546590079530977,4.5,161,Collingswood
Heffe,1.9617949979707792,2.5,61,Philadelphia
Heirloom Fine American Cookery,3.014835147017387,4.0,87,Philadelphia
Helena Avenue Bakery,3.038815608113227,4.0,389,Santa Barbara
Hellas Restaurant,3.1917655758988017,4.5,1368,Tarpon Springs
Hendel's,3.214605118592562,4.5,324,Florissant
Hendricks BBQ,2.3800292393570586,3.5,572,St Charles
Henpeck Village Market,2.3073240039281706,3.0,48,Franklin
Henry's Cafe,2.837231189445475,4.5,38,Pottstown
Henry's Coffee Bistro,2.9017341441536266,3.5,232,Indianapolis
Henry's Pub & Grill,3.247274146001856,3.5,76,Carmel
Herbie's Restaurant,2.327692182699297,3.5,169,Clayton
Herbie's Vintage 72,2.7254943532796565,3.5,141,Saint Louis
Hibachi 2 Go,2.4783017225829727,3.5,105,Philadelphia
Hibachi Steak House & Sushi Bar,2.3624470314682626,3.5,488,Santa Barbara
Hickory Kitchen,3.094598059372414,4.0,157,Doylestown
High Brow Coffee + Tea,2.2488989530641317,4.0,125,Franklin
High Point Cafe,2.890101449275362,4.0,28,Philadelphia
Hilltop Cafe,2.939870535714286,4.0,20,New Port Richey
Hilton Garden Inn Nashville Vanderbilt,2.6331014363324434,3.5,126,Nashville
Hing San,0.5874999999999999,3.5,7,Pottstown
HipCityVeg,3.029095980339654,4.0,1082,Philadelphia
HipCityVeg - University City,3.0575107035959683,4.0,314,Philadelphia
Hippie Hi,2.8791666666666664,4.0,16,Clearwater
Ho-Ho Chinese Restaurant,1.4399156005353104,3.0,34,Saint Charles
Hoang Tofu,3.124119560994561,4.5,77,Nashville
Hob Nob,2.875001181296382,3.0,23,Santa Barbara
Hobnobber Cafe,2.158605714285714,4.5,30,Metairie
Holiday Inn Philadelphia-Cherry Hill,1.7880332597175428,3.0,92,Cherry Hill
Hollyberry Catering,2.889785714285714,4.0,11,St Louis
Hollywood Grill,2.257447544577919,3.5,190,Wilmington
Holmesburg Bakery,3.4678117766203704,4.0,79,Philadelphia
Home Plate Sports Pub,2.3661004900617884,3.5,56,Tucson
Home Wine Kitchen,2.3793367754298598,4.0,186,Saint Louis
Homestretch Inn,2.9065,3.5,10,Swarthmore
Hon's Wok,2.255576392539661,2.5,140,Saint Louis
Honey's Sit-N-Eat,3.0096653654113688,4.0,1396,Philadelphia
Honeydeux,2.1982944173881673,3.5,88,New Orleans
Hong Kong City,2.104125,3.5,27,Clearwater
Hong Kong Express,2.641309523809524,3.0,23,Saint Louis
Hong Kong Restaurant,2.6323666666666665,4.0,19,Columbus
Hong Kong Star Noodle House,0.6658901515151515,3.5,50,Bensalem
Hong Kong Sunny,2.544762784090909,3.0,18,New Hope
Hooka House,1.9296371527777776,3.5,20,Indianapolis
Hooters,1.929576678608046,3.5,109,Tucson
Hot Box Cookies,3.582416666666667,3.0,48,Clayton
Hot Diggity!,2.9311594193863373,4.5,191,Philadelphia
Hot Stuff Spicy Chicken and Fish,2.47370364010989,3.5,129,Antioch
Hot Willy's,3.5639583333333333,4.5,10,Tampa
Hot Wok,2.1686904761904757,3.5,30,Exton
HotBox Pizza,2.32455995951843,3.0,107,Indianapolis
Hotel Du Village,1.7697073993714618,3.5,7,New Hope
Hotshots Sports Bar & Grill,0.9296368446368445,2.5,22,Ballwin
Hott Mess Cafe,2.926875,4.0,5,Tampa
House of Blues Restaurant & Bar,2.692541666666666,4.0,165,New Orleans
House of China,3.218857397810523,4.5,48,Lutz
Howards In Soulard,3.3750279581529576,4.0,57,Saint Louis
Hudsons Canada's Pub,2.6131255210261686,3.5,54,Edmonton
Huge Impact Restaurant,2.1999999999999997,3.5,36,Indianapolis
Hunan Garden,3.6009912109375,4.5,10,Lester
Hungry Howie's Pizza,2.143017803030303,3.5,47,Tucson
Hungry Howie's Pizza & Subs,0.7044444444444444,2.0,16,New Port Richey
Huong Sizzling Wok,2.994123794499771,4.0,102,Indianapolis
Hykel's Submarine Sandwich-Bar,2.8595303030303025,4.0,34,Ardmore
I Love Salad,3.1170690128324057,4.5,89,Indianapolis
IHOP,1.9014769551989774,3.0,69,TAMPA
IRB Sushi,2.637169935168499,3.5,51,Indian Rocks Beach
Ichiban,2.619067843334519,3.5,227,Santa Barbara
Ichiban Buffet,1.3246682707173778,2.5,48,Cherry Hill
Ichicoro Ane,2.3163794474463355,4.0,264,Saint Petersburg
Iggy's Mexican Cantina,2.166705304928989,3.0,24,Valley Park
Iguana's Mexican Restaurant,2.2986354166666665,4.0,74,Brownsburg
Il Giardino,3.072298390151515,4.0,92,Spring House
Il Posto Italian Cafe,2.3645809243831564,4.0,120,New Orleans
Il Tartufo,3.1050217086834735,3.0,85,Philadelphia
Imo's Pizza,2.067398117087001,3.0,120,Saint Louis
Imperial Asian Buffet,1.9641547675643067,3.0,56,Land o lakes
Imperial Pizza,2.1169505494505496,4.0,79,Secane
In & Out Pizza,0.767625,2.0,36,Philadelphia
In Riva,2.926951024106574,4.0,729,Philadelphia
In the Valley,3.51432875,4.0,73,Philadelphia
In-N-Out Burger,2.53807448548864,4.0,228,Goleta
Inchin's Bamboo Garden,3.1286762716450216,4.0,151,Nashville
Incredible Pizza Company - St. Louis,1.5507103738275614,2.5,89,Saint Louis
Independence Brew Pub,3.5497916666666667,4.5,5,Philadelphia
India Café,3.4042718931709315,4.5,165,Indianapolis
India House,1.9376081103501097,2.0,136,Santa Barbara
India Palace,2.678118844118844,3.5,167,Indianapolis
India Sizzling II,3.244765547696351,4.0,169,Indianapolis
Indian Frybread-Manna From Heaven,3.2962865502290217,4.5,84,Tucson
Indianapolis' Incredible Buffet & Fun Center,1.2674999999999998,3.0,10,Indianapolis
Indy 500 Grill,2.6798124999999997,3.0,40,Indianapolis
Indy Tacos,2.969077573838326,4.0,276,Indianapolis
Indy's Family Restaurant,1.4930745655405018,3.0,40,Indianapolis
"Inn at Mendenhall, an Ascend Hotel Collection Member",2.977511785330849,3.5,20,Mendenhall
Intermezzo By Wine Cask,3.5572191762437293,4.5,141,Santa Barbara
Ippolito's Seafood,3.3316639666756855,4.0,101,Philadelphia
Irie Bay Cafe,2.4931303199404757,3.5,16,Tampa
Irie Foods,2.898535714285714,4.0,21,Edmonton
Iris,2.587796602049911,4.0,67,New Orleans
Iron Hill Brewery & Restaurant,2.634508184709337,3.5,289,Voorhees
Isaacs World Famous,2.8875453296703295,4.0,44,Tampa
Ishtar Market and Restaurant,2.4231443602693603,4.5,80,Boise
Islamorada Fish Company Restaurant,2.105122484919189,2.5,136,Tampa
Island Breeze Cafe,3.61675,4.5,12,Madison
Islands Restaurant,3.5702816859066857,3.5,197,Santa Barbara
Italia Pizza & Pasta,2.093756030701754,3.5,24,Goleta
Italian Affair,2.5595297784006172,3.5,153,Glassboro
Italian Centre Shop,3.3987904610707917,4.5,41,Edmonton
Italian Club,3.520277777777778,3.5,8,Tampa
Italian Kitchen,3.08349537037037,3.5,55,Pennsville
Italian Kitchen & Cafe,2.610854846938776,4.0,140,Riverview
Italian Village Pizza & Beer,2.590695346320346,3.0,23,Downingtown
Italiano's,3.5941277356902357,4.5,51,Philadelphia
Ithai & Sushi Restaurant,3.7268749999999997,4.0,63,Largo
Itty-Bitty,3.432545833333333,4.5,33,Granite City
Izakaya Ren,2.660812460571367,4.0,121,Valley Park
Izenberg's Catering & Cafe,2.550871404559946,3.5,86,Conshohocken
Izumi,2.962845153070327,4.0,219,Philadelphia
Izzie's Ice,3.563409090909091,5.0,8,Nashville
Izzo's Illegal Burrito,2.342931318414358,3.0,147,Metairie
J B Dawson's Restaurant & Bar,2.7926539685405007,4.0,256,Langhorne
J D's Restaurant & Lounge,1.7871838337588337,3.0,200,Indian Rocks Beach
J Gilbert's Wood-Fired Steaks & Seafood St Louis,3.1841754592639004,4.0,268,Des Peres
J Sushi,3.50080477994228,4.5,72,Philadelphia
J'aime French Bakery,3.4955884920634923,4.5,310,Philadelphia
J's Seafood Dock,2.9039125938179393,4.0,333,New Orleans
JAS Himalayan,3.21139987244898,3.5,12,Exton
JB'S Island Cafe,3.2327808248299315,4.0,37,Clearwater
JB's Bar & Grill,2.1378882575757574,3.5,7,Metairie
JH Cafe,3.307015702947846,4.5,58,Metairie
Jack Dempsey's Restaurant & Bar,2.4869655889644773,4.0,168,New Orleans
Jack In the Box,1.4769999999999999,3.0,7,Nashville
Jack Patrick's Bar & Grill,2.303067845080616,4.0,102,Saint Louis
Jack in the Box,1.2243294389146033,1.5,86,Goleta
Jack's Bistro & Bagels,3.6593080357142855,3.5,9,Santa Barbara
Jack's Steaks and Shakes,1.6951333532368011,2.5,25,West Chester
Jackson Bar + Eatery,2.75111841759431,4.0,95,Tucson
Jackson's Bar & Bistro - Nashville,2.3136672631608577,3.0,402,Nashville
Jaco Juice and Taco,3.3019064153439155,4.0,130,West Chester
Jaipur Indian Cuisine,2.423525046382189,3.0,22,King of Prussia
Jake's Wayback Burgers,1.8130418019480516,3.0,30,Willow Grove
Jalapeño's 2,3.609161931818182,4.5,77,Reno
Jamaican Jerk Hut,1.7945107359042078,2.5,276,Philadelphia
Jamaican Style Jerk,3.4309216490299823,4.5,52,Indianapolis
Jasmine Rice - Rittenhouse,2.683316326927399,3.5,307,Philadelphia
Jasmine Thai,3.1895796486180403,4.0,195,Brandon
Javan's,2.810890189409097,4.0,30,Goleta
Jay Bee's Diner,2.412367551566081,3.5,37,Edmonton
Jay's Cuban and Mini Mart,2.120773809523809,4.0,7,Thonotosassa
Jay's Favorite Sushi Bar,2.6842327317055736,3.5,97,Philadelphia
Jazmine,2.918596900353246,3.5,455,Reno
Jazz Alley Lounge,2.2499999999999996,3.0,8,Kenner
Jefferson's,2.163043440103314,4.0,130,Brentwood
Jems Deli & Catering,3.6875,4.5,24,Springfield
Jerry Bob's,2.644821998177261,3.0,33,Tucson
Jerry Bob's On Broadway,2.6609290041982976,3.5,55,Tucson
Jerry Bobs,2.5271932494588745,2.5,37,Tucson
Jersey Java and Tea,2.7672314262914983,3.5,134,Haddonfield
Jersey Mike's Subs,2.8730776515151515,3.0,29,Pinellas Park
Jerusalem Cafe,3.4822235576923077,4.0,9,New Orleans
Jerzee's Sports Bar & Pizzeria,2.377628237276298,3.5,64,Glenside
Jesse's Steak and Seafood,2.5592270668872064,4.0,267,Brandon
Jessi's Flaming Fruit Sauce,3.5798013750954927,5.0,5,Tampa
Jet's Pizza,2.023227420306966,2.5,40,Nashville
Jiallo's,3.2514806239082557,4.0,88,Indianapolis
Jim's Buffet,1.4526073232323231,2.0,50,North Wales
Jimboy's Tacos,2.1524335458378427,3.0,44,Sparks
Jimmy B's Eatery & Pub,3.6348502086292616,4.0,42,Indianapolis
Jimmy Guana's,1.9892947081997863,3.0,170,Indian Rocks Beach
Jimmy John's,2.399182241838023,2.5,15,Lawrence
Jimmy The Greek's,2.8871964285714284,3.0,33,Alton
Jjang Ga Nae,2.8821590909090906,4.0,40,Cherry Hill
Joe Bob's Chicken Palace,2.0497493447681534,3.5,62,Reno
Joe Boccardi's Ristorante,2.8489291125541127,3.5,40,Fenton
Joe Gambino's Bakery,2.8394149004930256,3.5,151,Metairie
Joe's Crab Shack,2.4153483911282874,3.0,141,Boise
Joe's Grille,3.383576470877607,4.0,35,Indianapolis
Joe's Pizza,3.2590029761904757,4.0,35,Tampa
Joe's Steaks + Soda Shop,3.188255925907763,4.5,380,Philadelphia
Joel's Pizza Palace,3.1198593073593073,4.0,44,Valrico
Joey B's On The Hill,2.5177309279137883,3.5,238,Saint Louis
Joey's New York Pizza and Italian Restaurant,3.225400103902508,3.5,183,Palm Harbor
Joey's Pizza,3.111186264573169,4.0,75,Thorndale
John's Bar and Grill,1.4377499999999999,3.0,28,Media
John's Village Market & Deli,3.415932886904762,4.0,51,Wayne
John's Village Market - Berwyn,2.8750107142857138,4.0,13,Berwyn
Johnny G's Pizza,2.861131307977736,3.0,11,Philadelphia
Johnny Rockets,2.272082684406439,4.0,520,Reno
Johny's Original Pizza,1.9801875,3.5,54,Prospect Park
Jon's Bar & Grille,1.7770437522303917,3.0,178,Philadelphia
Jonathan Byrd's Cafeteria,2.4538303571428566,3.0,23,Greenwood
Jones,2.7277053995285456,3.5,1141,Philadelphia
Jong Ka Jib,3.2901732442441545,4.5,351,Philadelphia
Jonny's Sports Bar,2.1709281737012986,3.5,47,Nashville
Josef's Vienna Bakery & Cafe,2.6207562835230247,4.0,382,Reno
Joto Thai-Sushi Clearwater,3.271527777777778,3.5,37,Clearwater
Judge Bean's BBQ,2.7829041723318113,3.5,246,Brentwood
Juice Bar - Hillsboro Village,3.643625,3.5,14,Nashville
Juice Envy,3.25339678030303,5.0,26,Tucson
Jungle Bills Tiki Grill,2.225,4.5,15,Clearwater
Jungle Prada Tavern,2.798009726870546,3.5,118,Saint Petersburg
Juniper Commons,2.416768442668442,3.5,63,Philadelphia
Just Pizza,2.497939691193712,3.5,20,Indianapolis
Just Steaks,2.848,4.0,7,Merchantville
Just To Serve You Too,2.3207091145833334,3.0,68,Philadelphia
Justin's Snack Corner,2.891111111111111,4.5,7,Philadelphia
K & J Diner,2.0866071428571424,2.0,17,Jeffersonville
K C's Korner Restaurant,2.8756302521008403,4.0,7,Saint Petersburg
K&T Deli,2.7790497789710287,4.0,48,Indianapolis
K-Bop STL,3.368279861111111,4.5,69,St Louis
KC QUE BBQ,1.8357456859986816,3.5,49,Tarpon Springs
KELP Sushi Joint,2.596751681031609,4.0,325,Tampa
KFC,1.6489415538913386,2.0,32,Sparks
KRĒM,3.443325458121371,4.5,326,Reno
Ka'Chi,2.2285,3.5,16,West Chester
Kabob & Grill Indian Cuisine,3.1338615552348887,4.5,78,Ardmore
Kabob House,3.2320058422909663,4.5,232,Boise
Kabsa  The Ultimate Cuisine,3.5993,4.0,24,Edmonton
Kabuki Sushi and Grill,2.3534924597397375,3.5,38,Edmonton
Kaisen Sushi,3.1561245624231735,4.0,69,Tampa
Kalamatas - Green Hills,2.272268659782159,3.5,153,Nashville
Kally K's Steakery & Fishery,1.4268272468866177,2.5,18,Dunedin
Kampai Sushi Bar,2.932088217751561,4.0,328,St Louis
Kanella,3.0860830504528387,4.5,579,Philadelphia
Karma Juice Bar & Eatery - Saint Petersburg,2.4399870691351837,4.0,196,Saint Petersburg
Katie's Pizza & Pasta Osteria,2.436078262403998,4.0,313,Town and Country
Katie's Restaurant & Bar,3.097884670112569,4.5,1289,New Orleans
Kato's Cajun,1.38,2.5,18,Philadelphia
Katsumi's Teaching Kitchen,3.5628021284271285,5.0,21,Beech Grove
Kauboi Izakaya,3.0123051537385095,4.0,312,Reno
Kawa Japanese Cuisine,3.1293349860745314,4.5,145,Springfield
Kaz's Seafood Dive,1.500975,2.5,19,Apollo Beach
Kebab Express,0.6459999999999999,2.0,5,Edmonton
Keetons Restaurant and Sports Bar,3.25275,4.5,13,St. Louis
Kei Sushi,3.2267773466847465,4.0,357,Reno
Keith's Oaks Bar & Grill,2.858924625721501,3.0,93,Brandon
Keke's Breakfast Cafe,2.3723392857142858,3.5,121,Tampa
Kelly Days Firehouse Tavern,2.005622049825175,3.5,41,Tampa
Kelly's Kitchen,2.157107142857143,3.5,29,Bensalem
Kelly's Taproom,2.1848418976856476,3.0,63,Bryn Mawr
Ken's Seafood Restaurant,2.204799325364718,3.0,95,Philadelphia
Kenny Bob's Bar-B-Que,3.531850649350649,5.0,7,Greenbrier
Kermit's Bake Shoppe,2.5633523007031807,4.0,183,Philadelphia
Kettle Restaurant,2.593223916180438,3.5,47,Tucson
Keva Juice,2.3865149969078536,4.0,74,Reno
Key West Shrimp Company,3.4983333333333335,4.0,32,St Pete Beach
Keystone Korner,3.5909081605528974,4.5,38,Odessa
Khmer Kitchen,3.2680935897413965,4.5,372,Philadelphia
Khyber Pass Pub,3.10236918290638,4.0,845,Philadelphia
Kien Giang,2.7645801877678795,3.5,326,Nashville
Kimberton Inn,3.442654268286944,4.5,117,Kimberton
Kimberton Whole Foods - Collegeville,3.596625,5.0,6,Collegeville
King Ribs Bar-B-Q,2.4646508369408364,4.0,85,Indianapolis
King of Falafel,3.2164494190020507,4.0,30,Newtown
King of Pizza,2.709944805194805,3.0,53,Berlin
King's Garden,2.2190304576376003,3.5,83,Philadelphia
King's Island Chinese & Japanese Restaurant,2.901153846153846,3.5,12,Kennett Square
Kings Garden Noodle House,1.7982213675213674,3.0,15,Edmonton
Kings Gyro,2.1050312499999997,4.5,69,Franklin
Kinjo's Japanese Restaurant,3.5925559413580244,3.5,17,Saint Petersburg
Kitchen K,2.629863095238095,3.0,33,Saint Louis
Knockouts Bar and Hookah Lounge,2.134162314517882,3.5,18,Reno
Ko's Pizza & Cafe,3.477337469561688,4.0,47,Lebanon
Kobe Grill Sushi & Seafood Buffet,2.3796975559163056,3.0,33,Marlton
Kobe Japanese Steakhouse - Tampa,2.292822855531993,4.0,305,Tampa
Koffee Korner Cafe,2.8069673864147546,3.5,59,Lansdale
Koi Sushi & Thai,3.021338443963444,4.0,157,Franklin
Koizi,1.7486924283418885,3.0,154,New Port Richey
Kopi Latte,3.5927777777777776,4.5,59,Philadelphia
Kopper Kitchen,2.6894385645919736,3.5,125,Boise
Korea House,2.7396387119418915,3.5,39,Creve Coeur
Kosmos Pizza,1.4035646194083693,3.0,71,Norristown
Kriscroix Restaurant,2.9068684848484847,4.5,22,Fairless Hills
Krystal,1.3929888730047009,2.5,9,Nashville
Kuba ,3.175705357142857,4.0,230,St. Pete Beach
Kuchi Sushi & Hibachi,3.080980577781708,4.0,319,Tampa
Kumo Hibachi Sushi,2.005549377705628,3.5,39,Philadelphia
Kung Fu Noodle,2.7272625138287636,4.0,217,Tucson
Kuzina By Sofia,2.432693217895377,3.0,125,Cherry Hill
Kyoto Japanese Cuisine,2.3439949275948573,3.5,58,Edmonton
L'Acadiane,2.9842151905329968,4.0,36,St. Louis
LA Smokehouse,3.091487653523875,4.0,79,New Orleans
LUVI Restaurant,3.216479541663693,4.5,161,New Orleans
La Bella China Restaurant,3.08584862012987,4.0,92,Tucson
La Bella Pizzeria & Ristorante Italiano,3.385915798611111,3.5,46,Medford
La Cabana Mexican Grill & Bar,3.5004590411840413,3.5,52,Indianapolis
La Campagnola,2.3649433253845844,4.0,98,Shamong
La Casita,2.959003107738884,4.0,202,New Orleans
La Casona,2.2739899687825034,3.5,142,Tampa
La Chancla,2.900937884706439,4.0,31,Norristown
La Collina,2.0838486250884967,3.5,150,Bala Cynwyd
La Colombe Coffee,3.1078807092565475,4.0,614,Philadelphia
La Creperie Cafe,2.613521527381494,3.5,146,Philadelphia
La Cucina Italian Eatery,1.8976884718172984,4.0,44,Conshohocken
La Esquina Pupuseria Salvadoreña,3.24947601010101,4.5,26,Nashville
La Fonda De Teresita,2.616670955654651,4.0,43,Philadelphia
La Fuente Mexican Grill,2.92403125,3.5,79,Mansfield
La Fusion Cafe,2.8009580848988174,4.0,58,Willow Grove
La Giraldilla,2.0838533761160716,3.0,27,Tampa
La Guerrerita Mexican Food,3.2399450870558013,4.0,128,Goleta
La Marqueza - Food Truck,3.401047619047619,4.5,23,Philadelphia
La Mesa Tortillas,3.630910714285714,4.0,64,Tucson
La Michoacan,3.611886363636364,5.0,14,Nashville
La Monarca,3.113550104216771,4.0,44,Saint Louis
La Mulita,3.0109011422559333,4.0,136,Indianapolis
La Parrilla Suiza,2.007645112179487,3.0,125,Tucson
La Patisserie Chouquette,2.862681439701968,4.0,229,Saint Louis
La Reyna Hot Dogs,2.9615119047619047,4.5,10,Tucson
La Tavola Ristorante Italiano,3.0987877345033685,4.0,191,Smyrna
La Va Cafe,2.357661765360506,3.5,201,Philadelphia
La-China Poblana,2.6784126419405148,4.0,30,Clementon
LaScala's,2.666291939115498,3.5,367,Philadelphia
LaScala's Pronto - Mt. Laurel,2.366216389813501,3.0,114,Mount Laurel
Lafitte's Landing Seafood House,1.4358444511217947,2.5,38,Harvey
Lamberti's Tutti Toscani,3.023726664654552,4.5,163,Cherry Hill
Land of Smile,1.7893484848484846,3.5,15,Saint Louis
Landmark Americana,2.759828375608063,3.0,76,Wayne
Landry's Seafood House,2.1835961769791163,3.0,297,Saint Louis
Lanna Culinary School and Events Center,2.7404898108926945,4.5,55,Reno
Larry's Giant Subs,1.4213664323481396,3.5,30,Tampa
Larry's Steaks,2.1360701055310427,3.0,204,Philadelphia
Las Cazuelas Restaurant BYOB,3.015190638181727,4.0,338,Philadelphia
Las Margaritas,2.2708502165185402,3.5,58,New Orleans
Las Palmas,1.7918749999999999,2.5,38,Franklin
Las Palmas Mexican Restaurant,2.74944682999646,3.5,158,Nashville
Las Trojes Mexican Restaurant,2.2367666059689864,3.0,106,Sparks
Lasagna and More,2.161583333333333,4.0,31,Tucson
Lascelles Granite City,1.9334645891713602,4.0,48,Granite City
Latin Flavor,3.6935803571428574,4.5,10,Philadelphia
Latin Twist,3.46725,5.0,5,Boise
Laziza,2.8794999999999997,4.5,24,Edmonton
Lazos Pizza & Grill,2.703641024905229,4.0,176,Philadelphia
Le Booze,2.1757716049382716,3.5,21,New Orleans
Le Croissant Express,0.8162499999999999,3.0,19,New Orleans
Le Gourmet,1.9538753405907816,2.5,24,North Wales
Le Mouton Noir Bakehouse,2.2038461538461536,3.5,35,Tampa
Le Peep,3.288358248104344,4.0,259,Meridian
Le Rendez-vous,3.1466614821861145,4.0,223,Tucson
Le Saigon,1.6904463019344387,3.0,71,Paoli
Le Soleil Restaurant & Bakery,2.2354166666666666,3.5,12,Trenton
Le's Vietnamese & Seafood,2.175797619047619,4.0,24,Metairie
LeRoux's Chicken Shack,3.59375,3.5,19,New Orleans
Ledo Pizza,2.990010276153811,4.0,112,Tampa
Lee House,2.8711882215007214,4.0,30,Edmonton
Lee How Fook,2.7128796198591387,4.0,231,Philadelphia
Lee Roy Selmon's,2.29040159030784,3.5,42,Tampa
Lee's Famous Recipe,2.4441825396825396,3.5,20,Saint Louis
Lee's Hoagie House,2.8110041666666663,3.5,8,Newtown
Legends Bar And Grill,2.1887488095238092,3.5,35,Tucson
Lennys Subs,1.7961184435176891,3.5,6,Franklin
Leo Tucci's Pizza,3.6040833333333335,4.0,18,Cherry Hill
Leonardo Trattoria,2.1128124999999995,2.5,29,New Orleans
Lepore-Ba-Q,2.2996099964985994,3.0,26,Abington
Les Bons Temps,2.8817426948051947,3.5,12,Philadelphia
Lester's,1.4149999999999998,3.0,30,Chesterfield
Let Them Eat Cake,2.16375,3.5,37,Tampa
Leverock's Seafood House of St Pete Beach,2.911003401360544,4.0,6,St. Pete Beach
Li Chinese Reaturant,3.53025,3.0,27,Swansea
Li'l Dizzy's Cafe,3.181704788913298,4.5,651,New Orleans
Liberty Bar & Grill,2.86724082774864,4.0,69,Philadelphia
Liborios Latin Cafe,3.1881484374211646,4.0,125,Tampa
Licata's Italian Deli,0.7643494897959183,4.5,8,Pottstown
Life Italian Restaurant,2.54575397406684,3.5,12,Sherwood Park
Lilly's Cafe,3.095376090438028,4.5,777,New Orleans
Lilly's Cafe America,2.558919768170426,3.5,59,Doylestown
Lilly's Gourmet and Catering,3.6438333333333333,4.5,62,Doylestown
Lilly's Music & Social House,3.6359036304604486,4.5,15,Saint Louis
Lima Fusion,2.6796875,4.0,33,New Hope
Lime Fresh Mexican Grill,2.371128735840535,3.0,106,Tampa
Limoncello Ristorante & Caterers,2.6953871287439894,4.0,483,West Chester
Lion's Choice,2.2217999999999996,3.5,20,St. Louis
Liscio's Bakery,3.5892007575757576,4.5,48,Sicklerville
Lit Italian Wine Bar,2.90934331797235,3.5,18,Edmonton
Lite Choice,2.4813543405209306,3.0,29,Philadelphia
Little Caesars,2.18975,2.0,35,Reno
Little Caesars Pizza,1.5205649286229643,2.0,14,Wilmington
Little Kitchen,1.5707529661696327,2.5,50,Philadelphia
Little Road Farm Stand,3.568625,4.0,5,New Port Richey
Little Thai Cafe,3.2189264945652174,4.0,66,Tarpon Springs
Livery - Indianapolis,3.1866581525594464,4.5,971,Indianapolis
Lloyd Whiskey Bar,2.979407829422208,4.0,210,Philadelphia
Lobster Haven,3.00763002641288,4.0,441,Tampa
Local Links,3.0124154336734694,4.5,70,Haddon Heights
Local Taco,2.301841419743654,3.0,308,Nashville
Loco Mexican Restaurant & Cantina,3.310195909787813,4.0,178,Indianapolis
Loews Philadelphia Hotel,2.873715528378557,3.5,505,Philadelphia
Logan Inn,2.033068018313757,3.0,111,New Hope
Logan's Roadhouse,1.297078051193047,2.0,120,Nashville
Lombard Swim Club,3.6404599567099565,3.5,7,Philadelphia
London Grill,2.6729820163184987,3.0,350,Philadelphia
London Local,3.620546875,3.5,35,Edmonton
Lone Star Steakhouse,1.4304558652729382,2.0,15,New Castle
Long John Silver's,0.7623148148148148,1.0,15,Antioch
LongHorn Steakhouse,2.087340193050764,3.5,104,Norristown
Loomy's,2.1449999999999996,4.0,22,Troy
Lorenzo & Sons Pizza,2.0842197802197804,3.5,71,West Chester
Los Caballos Locos,3.3581893825643827,4.5,31,Philadelphia
Los Cantaritos,2.458558944465257,4.0,55,Gallatin
Los Comales,2.8621710526315787,4.5,19,Tampa
Los Compadres,2.915206845238095,4.0,12,Philadelphia
Los Comparres,3.17834747404398,4.5,339,Tampa
Los Jefes Tortilleria & Grill,2.5607623707838085,4.0,585,Metairie
Los Jimenez,3.2532045454545453,4.5,28,Philadelphia
Los Nietos,2.032753205128205,3.5,40,Nashville
Los Primos,3.3045454545454547,4.5,50,Franklin
Los Rancheros,2.7784904008029003,3.5,45,Indianapolis
Louis Pappas Fresh Greek,2.8880398438323254,4.0,156,Tampa
Lovecchio's Pizza,2.1233701298701293,3.5,52,Bryn Mawr
Luberto's Brickoven Pizza,3.3214850237416904,4.0,96,Dublin
Luca Pizza,3.600311224489796,4.5,6,Indianapolis
Luca's Pizza,2.8699033353010623,3.5,25,Telford
Lucianis Pizzeria & GRILL,3.145312540994359,3.0,22,Fort Washington
Lucky Belly,2.7726423548301895,3.5,73,Nashville
Lucky China,1.7426249999999999,3.0,24,Saint Louis
Lucky Dogs,2.4489892958603896,3.5,81,New Orleans
Lucky Girl Cafe,2.553224431818182,4.5,11,Tucson
Lucky Perk Coffee,1.75138468013468,4.0,24,Meridian
Lucky Wishbone,2.1000590277777773,4.0,22,Tucson
Lucy's Retired Surfers Bar & Restaurant,2.4136228797488197,3.5,514,New Orleans
Luigi's Cafe,3.734,4.5,63,Hockessin
Luigi's Italian Restaurant,2.4706926511795695,3.5,37,Tampa
Luigi's Pizza Fresca Burlington,2.894428571428571,4.0,32,Burlington
Luke,2.9987970438722966,4.0,4554,New Orleans
Lulu's Pizza,2.729759498919619,4.0,88,Boise
Lulu's Pizza Bar,3.117903855929424,3.5,26,Philadelphia
Luna,2.142045454545454,3.0,10,O'Fallon
Luna Bella,2.140382406655844,3.0,38,Tucson
Lynne Lorraine's,3.286586352213128,4.5,52,Nashville
M.L.Rose Craft Beer & Burgers - Melrose,2.8557218571563348,3.5,472,Nashville
M.L.Rose Craft Beer & Burgers - Sylvan Park,2.4556314412154734,3.5,378,Nashville
M3 Restaurant,3.270699280840687,4.0,245,Reno
MCL Restaurant & Bakery,2.1414999999999997,4.0,41,Indianapolis
MK's Asian Persuasion,3.4070301870748296,4.0,23,St. Louis
MOD Pizza,3.2240281084656086,4.0,117,Oro Valley
Maat Zip,3.5695816326530614,5.0,7,Elkins Park
Mac Mart,2.911913533384159,4.0,321,Philadelphia
Mac's Tavern,2.7389369644449504,3.5,446,Philadelphia
MacTaggert's Brewing Co.,2.17129813500453,2.5,9,Edmonton
Machismo Burrito Bar,0.6465,3.0,30,Philadelphia
Mack's Boardwalk Pizza,1.8270462797619047,3.0,51,Philadelphia
Mad Dogs,2.712633695933696,3.0,67,Santa Barbara
Mad Mex - Wynnewood,1.8061200871025374,2.5,248,Wynnewood
MadaVera's Original Hero & Bakery,2.1787499999999995,4.5,18,Spring Hill
Madison's Grill,2.4526239755802868,4.0,51,Edmonton
Madre - Boutique Taqueria,2.946209575917909,4.5,141,Boise
Mae's Chinese Restaurant,2.4911598035997993,4.0,66,Tucson
Maemax Market,3.5375974025974024,4.5,81,La Vergne
Magasin Kitchen,3.164070006417919,4.0,141,New Orleans
Magazine Po-Boy Shop,3.249966592617908,3.5,72,New Orleans
Maggie Mae's Sunrise Cafe,2.571221008297572,4.0,469,Clearwater Beach
Maggie's at State and A,3.2815447673438745,3.5,52,Santa Barbara
Magnolia Grill of New Orleans,1.8593739833398921,3.5,117,New Orleans
Mahony's Po-Boys & Seafood,3.17532895021645,4.0,382,New Orleans
Mai Thai Restaurant,3.5372916666666665,4.5,27,Brandon
Maico,3.2649547077922074,4.5,102,Tucson
Main Street Pizzeria & Grille,3.4123137019230767,3.5,51,Lansdale
Main and Vine Bistro,2.5747900083787183,4.0,59,Villanova
Mainland Grille,3.6340625,3.5,27,Harleysville
Makiman Sushi,2.528180467968003,3.5,209,Philadelphia
Makoto Japanese Steakhouse,2.8425833333333332,4.0,27,Greenbrier
Malvern Pizza,2.5112367402769187,4.0,40,Malvern
Mamas Kitchen,2.8030095419337604,4.5,162,Tampa
Mamma Maria's Restaurant & Pizzeria,3.6861607142857142,3.5,17,Boyertown
Mandalay Asian Cuisine,2.4656666666666665,3.0,16,Saint Louis
Mandarin Garden,2.876471704765822,4.0,68,Willow Grove
Mangia Italian Restaurant,2.843296568627451,3.5,21,Carmel
Mangia Nashville,3.004254287402108,4.0,192,Nashville
Mango,3.2323584183673466,4.0,24,Shrewsbury
Manhattan Bagel,1.6385775771271738,2.0,22,Willow Grove
Manna From Heaven,2.1857142857142855,3.0,14,St. Petersburg
Manny's Sicilia Pizza,3.0285713692632847,3.5,37,Palmyra
Mano's Po-Boys,2.510058613445378,4.5,77,Metairie
Maple Street Patisserie,2.6822622947098425,3.5,171,New Orleans
Marathon,2.388804600976826,3.5,593,Philadelphia
Marco Polo's Pizza,1.4004033886281784,2.0,28,Nashville
Marco's Pizza,2.7642818722943723,3.0,17,Saint Louis
Margaritaville - Nashville,2.6820355224657746,3.5,580,Nashville
Maria's Ristorante on Summit,2.6778769465858443,3.5,98,Philadelphia
Marina Restaurant,2.871722222222222,4.5,5,Clearwater
Mariscos Chihuahua,2.830091601740411,4.0,73,Tucson
Marjie's Grill,3.6106112291131214,4.5,172,New Orleans
Market Grill,1.8426523448773449,3.5,32,Saint Louis
Market on Ninth,3.610284090909091,4.5,38,Philadelphia
Marmont Steakhouse & Bar,2.9608085581708403,3.5,316,Philadelphia
Marrakesh,3.206605539535167,4.5,659,Philadelphia
Marrakesh Express,3.0512373407502085,4.5,48,Philadelphia
Marti's,2.54147637923201,4.0,38,New Orleans
Martini's Bar & Grill,2.8005,4.0,6,Edmonton
Marty's Cafe,1.7991442307692305,3.0,14,Tampa
Marty's Pizza,3.0761979166666666,4.0,64,Santa Barbara
Maru Global,2.626204767561159,3.5,72,Philadelphia
Mary Brown's Famous Chicken & Taters,2.4881666666666664,3.0,16,Edmonton
Mary's Kountry Kitchen,2.9120684523809524,4.0,50,Wilmington
Maryland Avenue Sub Shop,3.5294642857142855,4.0,15,Wilmington
Masala Kitchen,3.3268214285714284,4.5,79,New Castle
Masami Japanese Steakhouse & Sushi Bar,3.1886697916666664,4.0,125,Drexel Hill
Matrix Hotel,2.399844135802469,4.0,55,Edmonton
Max & Erma's,0.6306623931623931,2.0,5,Fairview Heights
May Flower Chinese Restaurant,2.4856098236259228,3.5,23,Tucson
Mayfair Pizza,2.5039839285714285,3.5,11,Philadelphia
Maynards,3.15791426750065,4.0,608,Tucson
Mayoor Indian Restaurant,3.4744893245341615,4.5,24,Zephyrhills
Mazzaro's Italian Market,3.3273596357378756,4.5,1551,Saint Petersburg
McAlister's Deli,2.1244446568480813,2.5,70,Metairie
McAlisters Select,1.4011696428571427,1.5,6,New Orleans
McAllister's Deli,2.1215714285714284,3.0,22,Saint Louis
McAnderson's House of Brews,2.85828125,4.0,5,Oldsmar
McArthur's Bakery Cafe,2.135134552947053,3.5,22,University City
McDonald's,1.4309245711807659,1.5,26,Fishers
McGilvery's Speedway Pub & Eatery,0.565,3.5,31,Indianapolis
McLeod Tavern,2.898833333333333,2.0,13,Edmonton
McMichael's Pub & Grill,2.8871634615384614,4.0,10,Gloucester City
Meadows Diner,2.888443272142852,4.0,136,Blackwood
Mecafresh,3.668,3.5,17,Palm Harbor
Mediterra Grill,2.9052460317460316,3.5,36,Philadelphia
Megu Sushi & Hibachi,2.285547129912444,3.5,121,Cherry Hill
Mei's World Pizza,3.2138372615350486,4.5,117,Tampa
Mel's Kitchen,3.1840637751218273,4.5,206,Philadelphia
Mela's Raspados & Antojitos,3.65040625,4.0,9,Tucson
Mellow Mushroom,2.7559077316128686,3.5,149,New Orleans
Mellow Mushroom - Brandon,2.7346879716552737,4.0,391,Brandon
Melodia Grill,2.527723214285714,3.0,26,Souderton
Melt,3.493366656037415,4.0,32,New Orleans
Melt Down Grilled Cheese,3.025306500237886,4.0,89,Wayne
Mena's Palace,2.6786460149002638,4.0,337,New Orleans
Meson 923,2.9157142857142855,4.0,22,New Orleans
Metro Diner,2.004915738428238,4.0,175,Indianapolis
Metro Grille,0.6105263157894736,3.0,17,Flanders
Meun Fan Thai Cafe,2.8599109463962757,4.0,195,Santa Barbara
MexiCali,2.597630334316371,3.5,69,Philadelphia
Mexican In,1.416590909090909,3.5,7,Indianapolis
Mexico City Grill,1.6641809194314074,3.5,63,Fishers
Mexico Lindo,2.9718101614005943,4.5,54,Pinellas Park
Mi Cabana Restaurant,0.6399999999999999,2.0,8,Tucson
Mi Caribe,3.402493748986759,4.0,96,Saint Louis
Mi Ranchito,3.181355022760243,4.0,375,University City
Mi Tenampa,2.6281250426616807,4.0,67,Indianapolis
Mi Tierra,1.6849565189712248,2.5,44,Smyrna
Miami's Best Cuban By Los Maruchos,3.624375,4.5,42,Seminole
Micha's,2.7002713576007324,3.5,131,Tucson
Michael's Family Restaurant,2.357310714285714,3.0,81,Montgomeryville
Michael's Grill,2.7473349295377516,4.0,162,Tampa
Michaelangelo's Pizza Restaurant,2.633885171469156,4.0,64,Cherry Hill
Michelfelder's Deli,3.621875,4.5,8,Philadelphia
Michelle Faedo's Tampeño Cuisine,3.6460526315789474,4.5,67,Tampa
Microsoft Cafe,3.2329999999999997,4.5,11,Reno
Mike's Hot Dog Cart,3.6435,5.0,22,Philadelphia
Mike's Ice Cream,3.091763765931826,4.5,593,Nashville
Milk and Honey Nashville,2.979886257430919,4.0,1725,Nashville
Milktooth,3.20156312959107,4.0,1379,Indianapolis
Miller's Ale House - Springfield,1.9259556141136023,3.0,295,Springfield
Mimi's Italian Eatery,3.57425,4.0,49,Cherry Hill
Minas Pizza,3.3425,3.0,54,Philadelphia
Minato Noodles,2.809755172964708,4.0,87,Reno
Ming's Wok,1.9533573593911249,2.5,18,Carmel
Mint Modern Vietnamese Bistro & Bar,2.8381603608320587,4.0,403,New Orleans
Mirama Dining & Lounge,1.4839228698131137,3.0,9,Edmonton
Mirko Pasta,2.9428551330809003,4.0,306,Nashville
Mirna's,2.874319368131868,3.5,26,Jenkintown
Misconduct Tavern,1.4314286266551437,3.0,131,Philadelphia
Misto Diner,2.849495806277056,3.5,26,Bensalem
Mixx Japanese Cuisine and Noodle Bar,2.2689451001346437,3.0,118,Philadelphia
Mizu,1.8243881168831166,3.0,23,Levittown
Mizu Asian Bistro,3.5828125,4.5,90,Oaks
Mizu Sushi Bar,2.490665996600952,3.5,235,Saint Louis
Mo' Ziki,3.337054260651629,4.0,23,Largo
Mo's a Place For Steaks,3.49934549648472,4.5,42,Indianapolis
Modesto Tapas Bar & Restaurant,2.885569265561125,4.0,256,Saint Louis
Moe's Southwest Grill,1.7868785508171596,3.0,48,Brentwood
Moes Southwestern Grill of Wesley Chapel,0.5974999999999999,2.5,26,Wesley Chapel
Mojito Cuba Caribe,2.119539213272523,3.0,117,New Hope
Mojitos Rum Bar & Grill,2.2330079663731968,3.5,74,New Orleans
Mojo Tapas,3.088245709647495,3.5,91,Saint Louis
Molldeli's Delicatessen,3.5024579234092625,4.5,152,Saint Louis
Mom Mom's Kitchen and Polish Food Cart,3.3980240235224985,5.0,91,Philadelphia
Mom's Bake At Home Pizza,2.9259999999999997,4.5,7,Philadelphia
Momma Jammz,3.4075361970783846,4.5,62,North Redington Beach
Momo Ramen + Poke,0.7261286275452941,3.0,73,New Orleans
Momo's Ouzaria Taverna,2.7702625022037735,3.5,243,St Louis
Mona Lisa,3.2856071428571427,4.0,18,Wilmington
Mongolian of Eagle,3.396130952380952,4.0,45,Eagle
Monon Coffee Company,2.6488854111615185,4.0,170,Indianapolis
Monstah Lobstah,3.1773717948717946,4.0,34,Tampa
Montauro Ristorante,2.3265536324786327,4.5,75,Tampa
Montecito Wine Bistro,2.7191233306376157,4.0,142,Montecito
Montesano Bros Trattoria & Catering,3.137476708074534,4.5,97,Chester Springs
Moo Moo Milk Bar,2.856555303030303,3.5,11,Newtown Square
Mood Cafe,3.2506240999833484,4.5,458,Philadelphia
Moon's Kitchen Cafe,2.6186996186156275,4.0,189,Boise
More Than Just Ice Cream,2.164607734727066,3.5,239,Philadelphia
Moreno Bakery,3.3013095238095236,4.0,21,Brandon
Morning Call Coffee Stand,2.7669063254274127,4.0,180,Metairie
Morrow's,2.085826575902022,4.0,831,New Orleans
Morton's The Steakhouse,2.727118707580319,3.5,171,King Of Prussia
Mother Hubbard's Café,2.1073430517166156,3.5,250,Tucson
Motley's on Main,2.1446145833333334,3.5,12,Saint Charles
Moto Cucina + Enoteca,2.910523110701136,4.0,423,Nashville
Moxie's Grill & Bar,2.3584159663865543,3.5,52,Edmonton
Moxie's Spirits & Dining,2.1713808483183485,3.5,72,Reno
Moy Fong Restaurant,2.589590909090909,3.5,25,Philadelphia
Mozzarella Pizzeria,2.6812841444270012,4.0,112,Hermitage
Mr Bravo Pizza & Grill,3.0549999999999997,2.5,8,Philadelphia
Mr X Pizza,2.6218749999999997,4.0,65,St Louis
Mr. B's Bistro,3.088811621491428,4.0,2064,New Orleans
Mr. Baja Fish,1.9580833333333334,4.0,69,Tucson
Mr. Pasta,3.56705,4.0,39,Wilmington
Mr. Sebas,3.607293452380952,3.5,20,Plant City
Mr.Wish KOP,1.91687251984127,4.0,47,King of Prussia
Mrs Marty's Deli,1.837784707064644,3.0,79,Broomall
Mt. Fuji Steak & Sushi,1.6539046433958198,2.5,13,Mount Juliet
Mucho Burrito,1.7268200518843897,2.5,30,Edmonton
Mucky Duck,0.6916381578947368,2.0,17,Greenwood
Mudbugs Cajun Cafe,2.6940110204121566,4.0,162,Carmel
Mumbai Bistro,2.813101792043208,4.0,217,Philadelphia
Muriel's Jackson Square,3.1442081386843226,4.0,1963,New Orleans
Murph's Bar,3.1659546050238276,4.0,315,Philadelphia
My Blue Heaven,2.1724999999999994,3.0,6,Philadelphia
My Dad's Italian Cuisine,2.1629196428571427,4.0,6,Malvern
Mythos Greek Taverna,2.403420670351474,4.0,31,Edmonton
México Lindo,3.5143451719576717,4.5,73,Philadelphia
N'awlins Jazz Cafe,2.0805999999999996,2.5,28,New Orleans
NOLA,1.7533290043290042,3.5,9,Edmonton
NY Bagel Cafe & Deli,2.2908864188532556,3.0,52,Philadelphia
NY Pie,2.636500613867893,4.0,123,Hendersonville
NY Pizza Grill,0.8471060670649838,1.5,102,Tampa
Nacho Mama's Mexican Grill,2.8266666666666667,2.5,14,New Orleans
Nadia Thai,3.111193400952912,4.0,100,Lansdale
Nadine's Gin Joint,2.4179978354978355,3.5,74,Saint Louis
Naf Naf Grill,2.6995888744312935,4.0,197,King of Prussia
Naked Fish,2.9425,3.5,19,Smyrna
Naked Tchopstix Express,3.236233333333333,3.5,33,Indianapolis
Nalaz Kitchen,2.86,4.5,9,Edmonton
Nam Kitchen Express,3.2469695460789207,4.0,13,Edmonton
Nameless Pizza Company,3.0548897948642266,4.5,22,Indianapolis
Nannie Francos Pizza,2.3529476495825037,3.0,13,Philadelphia
Naoki Ramen,3.2439364163768953,4.0,92,Philadelphia
Napoli Pizza & Subs,2.8899999999999997,4.0,29,New Orleans
Nashville Symphony,3.5075588550082792,4.5,107,Nashville
Nathalie's,3.0571055823661157,3.0,67,Saint Louis
National Pizza Company,3.2812439045073356,4.0,42,Saint Louis
National Underground,2.066119166508872,2.5,126,Nashville
Nato's Mexican Food,2.7115651913875594,3.0,47,Boise
Natural Cafe,2.712856851250601,4.0,130,Goleta
Nature's Table,3.551,4.0,12,St. Petersburg
Nauti Mermaid Crab House,3.244253205128205,4.0,108,Philadelphia
Naviera Coffee Mills,2.8727129629629626,4.0,24,Tampa
Nawlins Creole Cafe',2.410969596761263,3.5,8,Avon
Ndulge,2.8867182017543858,3.5,15,Philadelphia
Nectar Urban Cantina,2.9042179899057525,4.5,390,Nashville
Nelly's Express Mexican Restaurant & Pizzeria,2.4791584821428567,4.0,7,Mount Holly
Nephew's Ristorante,3.5147619047619045,3.5,45,Metairie
New Asian Village Express,2.8674999999999997,4.0,8,Edmonton
New Bamboo Garden,3.5442857142857145,4.0,34,Sewell
New Castle Bagels & Deli,2.8419999999999996,4.0,21,New Castle
New China,2.5463506049010514,4.0,87,Saint Louis
New China Moon,1.3881628787878788,4.0,8,Cherry Hill
New Day Gluten Free,3.602646256684492,4.5,99,Clayton
New England Pizza,3.39584410430839,3.0,22,Philadelphia
New Golden Buffet,3.647735853432282,2.5,30,Phoenixville
New India's Kitchen,2.9026773210095183,4.0,130,Ballwin
New Kimono Sushi Bar Japanese & Chinese Restaurant,1.873979081632653,3.0,28,Lafayette Hill
New King Wok,3.683,3.0,20,Bensalem
New Lee's Chinese Restaurant,1.3774867724867723,3.0,12,Philadelphia
New Napoli Famous Pizza,0.5742499999999999,2.0,5,Philadelphia
New Number One Chinese Restaurant,2.4700925925925925,2.5,40,Philadelphia
New Orleans Hamburger & Seafood Co.,3.227059903939036,3.5,113,Harvey
New Orleans Social House,3.104889218529086,4.0,136,New Orleans
New South Ocean Chinese & Japanese Restaurant,3.2216385957792206,4.0,59,Flourtown
New St Louis Wok,1.9171162397123482,2.0,61,St Louis
New Town Buffet,2.469561948137841,3.0,89,Tucson
New York Bagel Shops,1.7760267857142855,2.0,19,Saint Petersburg
New York Pizza,2.5136294557091787,3.0,178,New Orleans
Newk's Eatery,2.7194184188131554,3.0,65,Nashville
Newtown Bagel,0.7257611096386606,3.0,63,Newtown
Nhu Y,3.0346936597716008,4.0,79,Philadelphia
Nick's Old Original Roast Beef,2.5979267202461283,4.0,143,Springfield
Nick's Pizzeria,2.150579365079365,3.5,25,Clayton
Nicks Gyros and Subs,3.584457671957672,3.5,29,Tampa
Nico's Pizza,2.98,4.0,26,New Britain
Nico's Taco Shop,1.6650662878787876,3.0,73,Oro Valley
Nicola's Pizza,3.236362012987013,4.0,54,Lambertville
Nicos Mexican Food,2.9143749999999997,2.5,15,Tucson
Nidia's Latin Grill,3.5608085714285718,4.5,19,Dover
Night Market,1.9117004796323562,3.0,66,Philadelphia
Nighthawk Diner,3.245,3.0,6,New Orleans
Ninja Noodle,2.933333333333333,4.0,28,Edmonton
Ninja Sushi Japanese Grill,2.4711813317634745,3.5,92,Smyrna
Ninki,2.2357675093803406,3.5,213,Nashville
Ninth Street Deli at Howards,3.20021875,4.5,128,Saint Louis
Nipper's Pub,3.609916666666667,3.5,29,Woodbury
Nippon Tei,2.676232567036138,4.0,254,Ballwin
Nirvana Fusion,2.705115511673943,4.0,112,Hatboro
Nirvana Indian Bistro,3.026237904040404,4.5,188,Lafayette Hill
Nite Owls Saloon & Grill,1.4216967975206611,3.5,17,Beech Grove
No 1 Chinese Food,2.5218721590909086,4.0,13,Barrington
No Anchovies,2.6071068375225583,3.5,271,Tucson
No Label At The Table,3.606800491175491,5.0,37,Carmel
Noble Crust,3.171877976645203,4.5,496,Wesley Chapel
Noboru,2.2738007249150733,3.0,176,North Wales
Nokey's Deli & Grill,3.241758461306414,4.0,54,New Orleans
Non Stop Pizza & Grille,2.8666666666666667,3.5,13,Philadelphia
Nooddi Thai Chef,2.7366235028061663,3.5,185,Media
Noodles & Company,2.67475216772315,3.5,86,Franklin
Nook A Paleo Influenced Diner,2.7448402066045703,4.5,163,Indianapolis
Nook's Pour House,2.5746878496503496,3.0,58,Florence
Nordstrom,3.424211061507936,4.0,24,Newark
Nordstrom Grill,3.009703799019608,3.5,33,Nashville
Normand's Bistro,1.9182157477025896,3.5,32,Edmonton
North 30th Sports Pub & Grille,3.1025698360824783,4.5,106,Tampa
North 53,3.175729340625957,3.5,72,Edmonton
North by Northwest,2.076051136363636,3.0,7,Philadelphia
Northbrook MarketPlace,2.4023905122655123,4.0,60,West Chester
Northwest Coffee Roasting Company,2.40913658008658,3.5,65,Clayton
Novella Wine Bar,3.6173757102272726,5.0,56,Saint Louis
Nox Kitchen + Cocktails,2.7473264349208018,3.5,93,Tucson
Nudy's Cafe - Chadds Ford,2.8646396554834053,3.5,63,Chadds Ford
Nuevo Vallarta Authentic Mexican Food,2.6672015498210304,4.0,106,Pinellas Park
Numa,2.6456351540616243,4.0,30,Philadelphia
Number One China Buffet,2.8630806547619048,3.0,54,Carmel
Number One Chinese Restaurant,2.8464713541666664,3.5,6,Norristown
Numchok Wilai,2.9567141285132474,4.5,86,Edmonton
O Sole Mio,3.6251915584415584,4.5,85,Philadelphia
O! Wing Plus,3.0722571326821324,4.5,142,Saint Louis
O'Briens Irish Pub,2.533857269119769,4.0,108,Tampa
O'Charley's Restaurant & Bar,1.8993902847794597,2.5,31,Hendersonville
O'Fallon Brewery,2.4349581529581528,3.5,50,Maryland Heights
O.E. Market,2.871895743145743,3.5,10,Tampa
O.E.C. Japanese Sushi & Hibachi,2.49664979757085,4.0,56,Largo
O2's Tap House & Grill,1.4560880681818182,2.5,19,Edmonton
OL' Henry Restaurant,2.3640036330361673,4.0,52,St. Louis
OPA! of Greece West Edmonton Mall - A,2.861642361111111,3.5,11,Edmonton
Oakleys Bistro,3.1231080129860573,4.5,261,Indianapolis
Oaks Italian Deli & Pizzeria,1.79188695400035,3.5,70,Oaks
Oasis on the Boulevard,0.7241666666666666,1.0,8,Apollo Beach
Ob's Jamaican Restaurant,2.174363579644097,4.0,29,Chester
Occidental Taphouse Grill,2.890722222222222,3.5,30,Sparks
Oceanos Restaurant,0.6759314903846153,3.5,32,West Berlin
Octopus Falafel Truck,3.4072337351235666,4.5,420,Philadelphia
Odessa Family Restaurant,3.6370826446280993,2.5,17,Odessa
Oh So Good,3.217840909090909,3.5,15,Philadelphia
Oh Yoko!,3.0511036923860453,4.0,108,Cherry Hill
Ohana Cafe,3.148434422339616,4.0,99,Palm Harbor
Old Country Buffet,0.6779999999999999,2.5,27,Fairless Hills
Old Croydon Cafe,2.9579166666666667,4.0,54,Croydon
Old Hickory Grill - Sheraton Music City,1.7562045454545452,2.5,23,Nashville
Old Standard Fried Chicken,2.006904530589481,3.0,195,Saint Louis
Old Times Kafe,3.189055353535353,4.0,76,Tucson
Old Town Cafe,3.0999999999999996,4.5,6,Palm Harbor
Olde City Food Market,3.584375,3.0,29,Philadelphia
Ole Red,2.3195165070392867,3.5,629,Nashville
Olio,3.061398298723925,4.0,398,Saint Louis
Olive Garden Italian Restaurant,2.286306994340403,3.5,115,Kenner
Oliver's,3.4857586829776372,4.5,313,Santa Barbara
Olivia's Bagel Bash,2.898269230769231,2.5,7,Sewell
Olivier's Creole Restaurant,2.0371654690246355,3.5,172,New Orleans
Olly Fresco's,2.8272286117836964,3.5,16,Edmonton
Olympia Pizzeria & Restaurant,3.3832638888888886,4.0,73,East Norriton
On The Border Mexican Grill & Cantina,2.5447830304206662,3.0,168,Mt. Laurel
One South,3.64475,3.5,22,Indianapolis
One Stone Restaurant,3.6173928571428573,4.0,30,New Orleans
OneCupJoe,3.282347943722944,4.5,11,Warminster
Oodle Noodle,2.118530303030303,3.5,10,Edmonton
Ooka Restaurant,2.690231533716775,4.0,394,Willow Grove
Opry Backstage Grill,2.4483137992185626,3.5,195,Nashville
Orange Blossom Cafe & Bakery,2.1350892857142854,3.5,54,Riverton
Oranj Sushi Bar,1.7735380036630035,2.5,34,Edmonton
Orchid Thai Foods,3.331277944061147,4.5,62,Tampa
Orchids Thai Restaurant,2.8493809583139336,4.5,143,Port Richey
Oregon Steaks,2.8606133572413954,3.5,184,Philadelphia
Organico Pizza,3.402063311688311,4.0,121,Marlton
Oriental Pearl Restaurant,2.8319984001934104,4.0,154,Boothwyn
Osaka,2.9164108514281812,4.0,49,Madeira Beach
Osaka Sushi,3.1951230548210847,4.0,52,Brandon
Osborne Bi-Rite,3.58125,3.5,6,Nashville
Osteria,2.255958566317941,3.5,99,Moorestown
Otaco,2.115510858851435,3.0,57,Goleta
Oteri's Italian Bakery | North 5th St,1.1818854166666666,2.5,55,Philadelphia
Otolith Sustainable Seafood,3.62,5.0,10,Philadelphia
Our Daily Bread,2.7303871768160235,3.5,106,Santa Barbara
Our Lady of Guadalupe Mercado,3.2032925140542328,4.5,8,Santa Barbara
Outback Steakhouse,2.220382015925605,3.5,165,Brandon
P & S Ravioli,3.576125,4.5,6,Philadelphia
P J Whelihan's Pub & Restaurant - Oaks,1.9520093524923323,3.0,146,Oaks
P J's Oyster Bar,2.6302710170061894,3.5,118,Indian Rocks Beach
P.F. Chang's,2.341432168129021,3.0,243,Plymouth Meeting
PB's Diner,2.544406868935262,2.5,119,Glassboro
PDQ Riverview,2.878966123557738,3.5,134,Riverview
PJ Subs,2.8658604064180997,4.0,100,Tucson
Pacific Health Foods,3.4561149879248836,4.5,97,Carpinteria
Padaro Beach Grill,2.987757580572277,4.5,885,Carpinteria
Pagoda Noodle Cafe,2.3848417330297127,3.0,100,Philadelphia
Painturo's,2.8666161616161614,4.0,46,Mount Juliet
Pair Restaurant,2.902,3.5,7,Boise
Palace of Asia,3.5669749694749697,3.5,87,Cherry Hill
Palm Avenue Sandwich Shop,2.147829152494331,4.0,41,Tampa
Pan D'olive,2.675181154220066,4.0,199,Saint Louis
Panaderia Azteca,3.5573214285714285,4.5,20,Reno
Panaderia La Conchita,3.6477347470238097,4.5,44,Nashville
Panasian Buffet,3.5283333333333333,3.5,62,Philadelphia
Pancheros Mexican Grill,3.0378868801824117,3.5,97,Voorhees Township
Panda Express,2.35725518352039,3.0,39,Carmel
Panera Bread,2.1809563372282152,3.0,81,Meridian
Paola's Pizzeria,3.2291799749980274,4.5,126,Wayne
Papa John's Pizza,1.8506008597883599,3.0,18,Palm Harbor
Papa Murphy's,2.5016917526917526,3.0,31,Sparks
Papa Sam,3.553625,3.0,6,Philadelphia
Papillon Cafe,3.696875,3.0,11,Newtown
Parada Maimon,2.9429845330051565,4.5,202,Philadelphia
Paradise Bakery,1.292658392857143,3.0,40,Indianapolis
Paradise Cafe,2.5847321566820947,3.5,290,Santa Barbara
Parisa's,3.2972321428571427,4.0,7,Sparks
Parish Seafood & Diner,2.882978693181818,3.5,6,Arabi
Park Salad Bar,1.4522448979591835,3.5,16,Philadelphia
Parkallen Restaurant,2.0486499108734404,3.5,53,Edmonton
Parkway Pizza,3.6086363636363634,3.5,20,Levittown
Parlor Suburban Square,2.155268506171408,3.5,61,Ardmore
Parrilla Grill,2.51624752940662,3.0,139,Boise
Parrot Pete's,1.772748303311179,2.5,98,Harvey
Parthenon Restaurant & Bakery,3.59,4.5,19,Tarpon Springs
Parxgrill,2.2211004687099183,3.5,70,Bensalem
Pasquale's Pizza,3.111448412698413,4.0,28,Indianapolis
Pasquale's Sports Bar,1.7924391233766233,2.5,15,Levittown
Pasquales,3.5991666666666666,3.0,26,Indianapolis
Pasqually's Pizza,1.7858938964474678,4.0,96,Philadelphia
Passero's Coffee Roasters,3.1099851676101675,4.5,91,Philadelphia
Pasta Vino,2.9433246225319394,3.0,57,Berlin
Pat's Pizzeria,1.4153571428571428,2.5,63,Phoenixville
Pat's Pizzeria of Hatfield,0.6617081339712918,2.5,7,Lansdale
Pats Pizzeria,2.1525,2.5,30,Lindenwold
Pauline's Deli,0.7479166666666666,4.0,17,Norristown
Paws The Cat Cafe,3.616389022435897,5.0,20,Edmonton
Pbody's,0.7053246503496503,3.0,5,Springfield
Peacock Cafe,3.0738852404905033,3.5,15,Hamilton Township
Pearl,1.7605227272727273,2.5,32,Philadelphia
Pearl Diver,3.046145670995671,3.5,151,Nashville
Pearl Street Pizzeria & Pub,2.758351426343918,4.0,333,Indianapolis
Pearl of East,2.6128615079365076,3.0,17,Philadelphia
Pedalers Deli,3.2432459956155526,4.5,60,Reno
Peg's Glorified Ham & Eggs,3.387872023809524,4.0,156,Reno
Peggs Restaurant On the Boulevard,2.693590933372183,3.0,57,High Ridge
Pei Wei,2.4068969045474726,3.5,75,Moorestown
Pei Wei Asian Diner,1.4146460588023089,1.5,15,Franklin
Peking China Buffet,2.209861607142857,2.0,56,Plainfield
Penang,2.737330421699817,3.5,1112,Philadelphia
Penca,2.7219086864219415,3.5,486,Tucson
Penllyn Pizza,2.870083333333333,2.5,23,Blue Bell
Peno,3.480995032703738,4.5,152,Clayton
Pepo's Cuban Cafe,2.803505784084467,4.0,135,St. Petersburg
Persian Room Fine Dining,2.9086198660714286,4.5,258,Tucson
Persis Biryani Indian Grill,3.33210444975205,4.5,246,Mount Juliet
Pete's Pizza & Italian Grill,3.58859375,3.5,11,Mount Ephraim
Petite 4,3.2792857142857144,4.5,121,Boise
Petra Restaurant,2.5834229154342387,4.0,160,Tampa
Phamous Cafe,2.6792961776377213,4.0,220,Goleta
Phamous Phil's Bbq At The Main Street Inn,2.9282787878787877,3.5,5,East Greenville
Phan's Kitchen,3.463116446208113,5.0,105,Indianapolis
Phat Bites,2.586635165635059,3.5,364,Nashville
Philippine Bread House And Restaurant,3.56625,3.5,7,Wilmington
Philippine Jeepney Grill,3.6369444444444445,3.5,12,Philadelphia
Phillips Seafood,2.1529686147186147,3.0,23,Philadelphia
Philly Dat Up,2.5380694444444445,3.0,12,Kenner
Philly Dawgz,2.138324654904843,4.0,5,Philadelphia
Philly Diner,1.7267124155031763,2.5,129,Essington
Philly Fusion & Grill Chicken Bowl,1.0739999999999998,4.0,20,Philadelphia
Philly Pretzel Factory,3.2145755494505495,4.5,13,Cherry Hill
Philly Tap & Tavern,1.4757023809523808,2.5,17,Chester
Philly's Best,2.1899756211180126,4.0,46,Spring Hill
Phily Diner & Sports Bar,2.071302217247186,3.0,253,Runnemede
Pho 36,3.1661599380855296,4.5,236,Avon
Pho 38,3.2257249999999997,3.5,27,Merchantville
Pho 79,1.409401845674167,3.0,42,Boise
Pho An Hoa Restaurant,2.864726054720134,4.0,160,Tampa
Pho Anh Sang,2.438154761904762,3.0,19,St Albert
Pho Bistro,1.8366359217847446,3.0,184,Isla Vista
Pho Cam Ly,3.358289897184805,4.5,178,New Orleans
Pho Friendly,3.578989650974026,4.5,93,Trenton
Pho Hoa Noodle Soup,2.673573096227168,3.5,116,Philadelphia
Pho Hoan Pasteur,2.445817416824628,3.5,32,Edmonton
Pho King,2.7492258497675164,4.0,58,Edmonton
Pho Orchid Uptown,2.6673221925133688,3.5,81,New Orleans
Pho Street,3.126174203530844,4.0,150,Philadelphia
Pho Voorhees,3.3696383468741318,4.5,132,Voorhees
Pi Pizzeria - Delmar Loop,2.8941520932633225,4.0,633,Saint Louis
Pia Urban Cafe & Market,3.6122291666666664,5.0,40,Indianapolis
Pica's Restaurant,2.338597674537472,3.5,141,West Chester
Picasso Restaurant & Bar,1.4056938244047616,3.0,34,Media
Piccolina Toscana,2.490146056747485,3.5,99,Wilmington
Pick-A-Bone,3.6276562500000002,4.5,27,Fenton
Pieology Pizzeria,2.795848611111111,3.5,131,Goleta
Piezanos Rustic Pizza and Wine,3.2493725578615282,4.0,93,Tucson
Pikpon Thai,3.335790452280278,4.5,126,Sicklerville
Pina's Pizza,2.4089400231052016,3.5,47,Philadelphia
Pina's Pizzaria,3.650642857142857,4.0,26,Chalfont
Pineapple Asian Restaurant,2.8337499999999998,4.0,27,Berlin Township
Pineapplez,3.095808084123801,4.0,22,Saint Petersburg
Pinocchio's Bar & Grill,1.9764814403542903,3.5,154,Sparks
Pinocchio's Restaurant,2.508783900231278,3.5,245,Media
Piranha's Bar & Grill,2.262250956632653,4.0,75,Nashville
Piree's Piri Piri Grill,2.229147666498034,4.0,77,Wilmington
Pit Boss Bar-B-Q,0.5896874999999999,3.0,10,Spring Hill
Pita Jungle,2.3197658144903093,3.5,464,Tucson
Pita Kebob,3.1179979115887244,4.0,142,Ruskin
Pita Pit,1.4186449579831932,3.0,9,Tucson
Pita's Republic,3.441347222222222,3.0,21,Tampa
Pizza Box Thorndale,2.810625,4.0,18,Downingtown
Pizza Fusion at Skypoint,2.90028351090673,3.5,113,Tampa
Pizza Guys,3.0453647178714145,3.5,103,Reno
Pizza Hut,1.2810561647419156,1.5,18,Langhorne
Pizza Land,2.9724999999999997,4.0,14,Holland Southampton
Pizza Mizza,2.5591170319347354,3.5,169,Santa Barbara
Pizza Wings Steaks,2.5014815848214282,3.0,41,Philadelphia
PizzaMan Dan's,2.609527834542908,4.0,124,Carpinteria
Pizzarella Grille,3.3387706996069064,3.5,58,Bryn Mawr
Pizzaville,2.8918888888888885,4.5,42,Avon
Pizzeria Vetri,2.7908895493129986,4.0,651,Philadelphia
Pizzicare,2.040073470676149,3.0,39,New Orleans
Plan B Bistro & Bar,2.6954619047619044,3.0,11,Washington Crossing
Plate Restaurant and Bar,1.9248385955892537,2.5,61,Ardmore
Plato Latino,2.1428108465608466,4.0,55,Tampa
Plaza Azteca - Kennett Square,2.9012047902494333,3.5,86,Kennett Square
Plaza Deli,3.3591652508923824,4.0,188,Santa Barbara
Please-U-Restaurant,3.044925681559463,4.0,274,New Orleans
Ploy Thai,2.954502884234502,4.0,171,Brandon
Plush,2.6314505401234567,3.5,69,Saint Louis
Poblanos Mexican Grill & Bar,2.3632545018560367,3.0,189,Clearwater
Poke Bowl,2.691828883884556,4.0,194,Philadelphia
PokeDoke,3.361354034391534,4.5,174,St. Louis
Poké Poké Bowl,3.6014250000000003,4.5,68,Tarpon Springs
Pollo Tropical,1.6967116908900814,2.0,70,Brandon
Polly's Big Slice,3.372882227891156,4.0,9,Indianapolis
Polo's Taqueria,3.11820117790706,4.5,13,Tucson
Pomme Cafe & Wine Bar,2.42082972800778,3.5,57,Saint Louis
Ponti's Steaks and Spuds,2.541261256985959,3.5,33,Conshohocken
Pop N Sons Diner,2.8165855323012603,4.0,160,Tampa
"Pop's Steak, Fish & Chicken - South Grand",3.071270833333333,3.0,11,St. Louis
Popeyes,0.660625,3.0,7,New Orleans
Popeyes Louisiana Kitchen,1.988127512457931,2.0,75,Brentwood
Pops Pizza wine & Beer,2.8664423076923073,3.0,6,Bristol
Porcini,2.7447860095252388,3.5,317,Philadelphia
Port St Peter,2.633903451745054,3.5,83,New Orleans
Port of Subs,3.61875,4.0,35,Sparks
Porta Via Italian Kitchen Cool springs,2.264521778692538,3.5,77,Franklin
Porter & Luke's,2.8949519230769227,3.5,100,Metairie
Porterhouse,2.8810534512362636,4.5,65,Eagle
Portobello Cafe,3.5328756720362047,4.0,137,Eddystone
Portofino's Italian Kitchen,3.3042302380952377,4.0,59,Tampa
Poseidon,2.932620299145299,4.0,198,New Orleans
Potito's Italian American Pastries,3.1522825546848985,3.5,88,Philadelphia
Pranzo Jersey Italian Cafe,2.2904999999999998,4.0,6,Nashville
Pravda!,2.3433121565934063,4.0,109,New Orleans
Precinct Pizza,2.447441269832933,3.5,204,Tampa
Prep & Pastry,3.1776835650981847,4.5,2126,Tucson
Press'd The Sandwich,3.239849637681159,4.0,5,Edmonton
Primanti Bros - Indianapolis,2.3776766241434615,3.5,221,Indianapolis
Prime 108,2.499266053397267,3.5,113,Nashville
PrimoHoagies,2.6098012545490223,3.5,65,Philadelphia
Prohibition Taproom,2.8868876732323665,4.0,618,Philadelphia
Provence Bread,1.0398861607142857,1.5,23,Nashville
Provisions Coffee & Kitchen,3.2300573841834,4.5,261,Wesley Chapel
Pub & Kitchen,2.8603900972320107,3.5,615,Philadelphia
Public Service,3.35340172077922,3.5,106,New Orleans
Publix Super Markets,2.5758360389610386,3.5,18,Largo
Puckett's Grocery & Restaurant,3.1011168502811493,4.0,850,Franklin
Punk'd Pineapple,3.500350958565244,5.0,8,Kennett Square
Punky's Bar and Grill,3.2486556863275613,3.5,141,St Petersburg
Pupuseria & Cafeteria Centroamericana,3.369887626262626,4.5,137,Tampa
PureBread Deli,3.0789814413265306,4.0,64,Newark
QDOBA Mexican Eats,2.2491984070290876,2.5,30,Fenton
Qdoba Mexican Grill,2.551978729603729,3.0,27,Philadelphia
Quality Pizza,2.1616950334821428,3.0,19,Philadelphia
Queen Sheba,2.9134294390133677,4.0,64,Philadelphia
Queen Sushi,2.89398093206049,3.5,76,Glenside
Queen of Sheba,2.7355609269796037,4.0,361,Temple Terrace
Queen's Pizza,2.6290601325757574,3.0,45,Palm Harbor
Quesa-D-Ya's,0.8487499999999999,3.5,7,Saint Louis
Quik Mart,2.765625,3.5,8,Vail
QuikTrip,2.818065476190476,4.5,13,Edwardsville
Quinn's Restaurant & Lounge,1.8850211675579323,3.0,75,Boise
Quiznos,1.819750563924078,3.0,18,Harahan
R2L,2.664118233339281,3.5,787,Philadelphia
RJ's Bagels,3.62875,4.0,41,Yardley
RJS Tacos & Burritos,3.6118093434343432,4.0,42,Indianapolis
Racanelli's New York Pizzeria,2.172376033057851,3.5,45,University City
Raijin Ramen,3.0149457168355984,4.0,594,Tucson
Raising Cane's Chicken Fingers,3.0435624999999997,4.0,36,New Orleans
Raising Cane's Chicken Fingers- Arnold,2.93125,3.5,26,Arnold
Raising Cane’s,3.2089147727272724,2.5,21,New Orleans
Rally's,1.8458480158730157,1.5,18,St. Louis
Ralph's Market,3.455900330687831,4.5,19,Moorestown
Ralph's of Philly,2.882894736842105,3.5,6,Willow Grove
Ralph's on the Park,2.69840547735154,4.0,299,New Orleans
Ralphs Italian Restaurant,2.7399538721823427,3.5,653,Philadelphia
Ramada Philadelphia Northeast,1.2854365079365078,1.5,10,Philadelphia
Ramble Pizza,3.2878474025974027,4.5,19,Philadelphia
Ranch House Restaurant,2.5074277708159283,3.5,39,Tampa
Randazzo's Pizzeria,1.429393939393939,4.0,40,Willow Grove
Rangoli: Vibrant Flavors of India,2.989007634872131,4.0,89,Philadelphia
Rasavat,3.3344452380952383,5.0,28,Philadelphia
Ratchada Thai Restaurant and Sushi Bar,2.1227870247568523,2.5,22,St. Petersburg
Ray's Subs,3.3722007275132277,3.5,39,Trenton
Raz'z Restaurant,2.711572251516782,3.5,44,Smyrna
Razzel's Bar and Lounge,2.870435714285714,3.5,14,Clearwater
Rearn Thai,1.6279098541633263,2.5,70,Saint Louis
Red Cup Cafe & Hookah Lounge,3.022987235803412,4.0,53,Philadelphia
Red Eagle Tavern,1.4015277777777775,2.0,13,Cherry Hill
Red Garter Saloon,2.866805555555555,4.0,107,Tucson
Red Habanero,2.4807315571244626,3.5,198,Fishers
Red Hook Coffee & Tea,3.3797785464683168,4.5,183,Philadelphia
Red Hot & Blue Restaurant,1.9403826181550063,2.5,99,Cherry Hill
Red Kings 2 Restaurant,1.9098042968749998,3.5,68,Philadelphia
Red Lobster,1.7949402097623708,2.5,122,Metairie
Red Mesa Restaurant,2.8742358729236055,4.0,585,St Petersburg
Red Owl Tavern,2.6744842741902777,3.5,618,Philadelphia
Red Pony,3.2576809746842588,4.5,426,Franklin
Red Robin Gourmet Burgers and Brews,2.087850652413592,3.0,118,Wilmington
Red Sombrero - Kennett Square,3.045229166666666,4.0,78,Kennett Square
Redemption,2.596932641858131,3.0,63,New Orleans
Redhound Grille,2.623315826232493,3.5,84,Paoli
Redwood Rotisserie + Grill,2.983682388146489,4.0,464,Reno
Reeds American Table,3.254230948540363,4.5,372,Maplewood
Refuel Cafe,3.1482337942427985,4.5,328,New Orleans
Reginelli's Pizzeria - Closed,2.683020560439492,3.5,171,New Orleans
Regrub,1.5985999975403384,3.0,48,Edmonton
Rembrandts,2.7464791791258625,3.5,343,Eagle
Remedy Cafe,2.2699985989126614,3.5,127,Edmonton
Reno Downtown Joint,0.625,4.0,10,St Petersburg
Reno Tap Room,2.18690625,4.0,45,Reno
Reservations Bistro,3.163787425957147,4.5,33,Tampa
Restaurant Depot,2.20625,2.0,15,Tucson
Restaurant des Familles,3.0067608204661527,4.0,167,Marrero
Revivals Restaurant & Banquets,0.7013461538461538,2.5,15,Perkasie
Revolucion,2.6517788764783394,3.5,456,Indianapolis
Rib Shack,2.8926666666666665,3.5,55,Saint Louis
Rib Station,3.705,3.5,7,Bridgeton
Ribit's BBQ,1.7938368055555554,3.5,37,Tampa
Ricardo's Italian Cafe,2.946084317599536,3.5,80,Saint Louis
Riccardo's Pizza & Restaurant,2.12375,3.5,19,Willingboro
Ricci's Hoagies,3.132176406926407,4.0,67,Philadelphia
Rice Box,3.3688680073808177,4.0,67,Goodlettsville
Richard's,3.049943049807335,4.0,122,Boise
Richie's,2.8575462962962965,4.5,50,Philadelphia
Richman's Ice Cream,3.278020833333333,3.5,54,Levittown
Rickenbacker's,2.1566666666666663,4.0,5,Tampa
Rickshaw Sushi,2.696228138965111,3.5,126,Reno
Ricuras de Venezuela,3.611720734126984,4.0,32,Tucson
Riffs Cafe at Highland Ridge,3.587314814814815,4.0,18,Nashville
Rincon Guatemalteco,3.551620879120879,4.5,23,Tampa
Ristorante Attilio,3.158980099312452,4.0,50,Wilmington
Ristorante Da Marlina,1.4239393939393938,3.5,11,Woodbury
Rittenhouse Grill,2.7079939999108054,3.5,290,Philadelphia
Ritter's Frozen Custard,2.8936151960784313,4.5,41,Indianapolis
River's Edge,3.214005208333333,3.5,26,Tampa
Riverview Restaurant & Marina,2.2026101712614867,3.5,70,Ashland City
Riviera Restaurant,2.93025,4.0,50,Tampa
Rivista,3.0878804050660666,4.0,41,New Orleans
Roast Coffeehouse and Wine Bar,2.634614313660011,4.0,40,Edmonton
Roberts Meats And Catering,2.4554926396520145,3.5,72,TAMPA
Rocchino's,2.173758333333333,3.0,20,Philadelphia
Rockabilly Grill,2.9339999999999997,3.5,37,Tucson
Rocky's Gourmet Pizza,2.545647321428571,3.0,26,New Orleans
Rode's Fireside Restaurant & Tavern,1.4057485718826626,3.5,104,Woolwich Twp
Rollin' Oats Market,2.84737495544255,4.0,151,St. Petersburg
Roly Poly,2.50370450947473,3.5,14,Metairie
Roma Pizza Plus,2.906428571428571,4.0,12,Kenner
Roman Forum,2.890048032849503,4.0,23,Tampa
Romano's Macaroni Grill,1.855649768480761,2.5,339,Reno
Romano's Pizza,3.551107142857143,4.0,5,Hatboro
Romano's Pizza Express,2.5362736344537815,2.5,24,Philadelphia
Romanos Pizza Express,2.1870238095238093,3.0,13,Tampa
Romanza Of The Vine,0.68431640625,1.5,16,Indianapolis
Ron's Caribbean Cuisine,2.3376586615377377,4.0,142,Philadelphia
Ron's Original Bar & Grille,2.900427396249473,4.0,383,Exton
Ronnie Pastrami's Deli and Catering,2.871187987012987,4.0,71,Pinellas Park
Rooftop Garden,2.952142857142857,3.5,60,Indianapolis
Room 901,3.4474068181818183,4.0,59,Saint Petersburg
Rosa Mezcal,2.96694549287518,4.0,76,New Orleans
Roscoe's Tacos - Greenwood,2.226099074074074,3.5,136,Greenwood
Roselena's,2.86406603523791,4.0,10,Philadelphia
Rosemary's Grill,3.6201644736842105,3.5,19,Langhorne
Rostizado - by Tres Carnales,3.017451579091865,4.0,186,Edmonton
Rotolo's Pizzeria,3.3436397386439953,4.0,29,Belle Chasse
Rotten Ralph's,1.4753773300767907,2.5,200,Philadelphia
Roula's Pizza,2.1699999999999995,2.5,7,Philadelphia
Roundabout Catering,3.62375,5.0,38,Sparks
Roundabout Grill,3.239745905787584,4.0,244,Reno
Roundabout Market And Bistro,3.5649646040234275,4.0,10,Reno
Roux 3 Restaurant and Bar,3.613179487179487,3.5,7,Newtown Square
Royal Chef,2.7616750577598466,3.5,42,Ewing
Royal Pizza,0.706,3.5,19,Edmonton
Royal Sonesta New Orleans,2.7550269896283868,3.5,492,New Orleans
RuSan's Sushi and Seafood,2.045095763045779,3.0,206,Nashville
Ruby Garden Restaurant,2.3813073192239855,3.0,26,Philadelphia
Ruby Tuesday,1.2821787629581745,2.5,108,Riverview
Ruby's Diner,1.5767004298941798,3.0,68,King of Prussia
Ruchi Indian Cuisine,2.870657894736842,3.0,8,Saint Louis
Rue 13,2.097489316239316,3.5,28,Saint Louis
Ruggieri's Pizza and More,0.6715,3.0,11,Reno
Ruiz Mexican Restaurant & Cantina,1.4340277777777777,3.5,83,Florissant
Rum Runners,2.205426136363636,2.5,20,Palm Harbor
RumFish Grill,2.6459888137554053,3.5,664,Saint Pete Beach
Rumours Wine and Art Bar,1.6849246031746032,3.0,29,Nashville
Rush Bowls,2.884222966269841,4.5,61,Nashville
Russell's Quality Food,3.316018459054834,4.5,103,Wilmington
Rusty Pelican - Tampa,2.9355059784394717,4.0,745,Tampa
Rusty's Pizza Parlor,1.9002072921105178,2.5,94,Goleta
Ruth's Chris Steak House,2.0590335422939225,3.0,110,Philadelphia
Ryan Christopher,3.0598678221084468,4.0,120,Narberth
Ryan's Country Store,3.646,4.0,9,Aston
Ryan's Meat Market & Deli,3.576553571428571,4.5,9,Saint Petersburg
SALERNO'S Ristorante & Pizzeria,3.607722222222222,4.0,44,Philadelphia
SF Kitchen,3.298868102076203,4.5,269,Reno
SPOT Gourmet Burgers,3.367091409620599,4.5,282,Philadelphia
SWEGS Kitchen - Mid-City,2.883323266806723,4.0,67,New Orleans
Sabatino's Grill,0.5905972222222222,3.5,17,Downingtown
Sabor Latin Cuisine,3.5958928571428572,4.5,149,Reno
Sabor del Caribe,3.595657894736842,4.5,8,Tampa
Sabrina's Café,2.9336386403022066,4.0,570,Collingswood
Sabrina's West Street Kitchen,3.5505005980564577,4.5,563,Reno
Sachiko Sushi,2.448554882829755,3.5,191,Tucson
Sadiki's Restaurant & Lounge,1.8023187229437228,3.0,6,Philadelphia
Safety Harbor Resort & Spa Trademark Collection,2.2895476026599453,3.0,305,Safety Harbor
Sage,3.0888843509896824,3.5,110,Saint Louis
Sahara,2.8515384615384614,4.0,5,Bridgeton
Saige Café,2.079426406926407,3.0,14,Philadelphia
Saigon Corner,2.4622595373376623,4.0,18,Brandon
Saigon Restaurant,2.7373152504598206,4.0,421,Indianapolis
Saint Cecilia,3.3853407529099226,4.5,205,New Orleans
Saint Louis BBQ & More,1.1363796296296294,1.5,27,Saint Louis
"Saint Louis Halal Meat, Grocery & Foods - Baba's Restaurant",3.2248783482142853,4.5,52,St Louis
Sak'n Save Food Store,2.5452142857142857,2.5,28,Reno
Sakana Sushi Bar & Japanese,3.153435942813751,4.0,374,Santa Barbara
Sake Cafe of Elmwood,1.7644275278293133,3.0,110,New Orleans
Sake House,2.065773546558046,3.0,140,Tampa
Saki Endless Sushi & Hibachi Eatery,2.440570020140955,3.5,473,Clearwater
Sakura,1.8653333475270344,3.0,73,Sicklerville
Sakura Japanese Restaurant,2.9124999999999996,4.0,86,Wilmington
Sal & Pat's Pizza,0.8646111111111111,2.5,19,Bellmawr
Sal DeForte's Ristorante,2.970475059191,4.0,52,Ewing
Saladworks,2.6481616612554113,3.0,42,Newtown
Saloon 151,2.0708048305860802,3.0,117,West Chester
Salsa,2.514297581499052,3.5,186,Nashville
Saltwater Grill,2.247865605488742,2.5,34,New Orleans
Salty's Island Bar & Grille,2.9174003876021617,4.0,599,Clearwater Beach
Salute Italian Restaurant,2.1758666666666664,3.5,6,Spring Hill
Salvatore's Trattoria & Pizzeria,3.6667012987012986,3.5,38,King of Prussia
Sam's Bar & Grille,3.295484693877551,3.5,16,Blackwood
Sam's Beach Bar,2.8592480582322324,3.5,555,Hudson
Sam's Brick Oven Pizza,3.211301810009718,4.0,80,Ardmore
Sam's Grill,2.175681092843327,3.5,6,Jenkintown
Sam's Sports Bar and Grill,2.680439577183962,3.5,123,Nashville
Sam's Sushi Bar,2.870498129372252,3.5,90,Nashville
Sams Pizza & Steak House,3.63275,3.0,5,Edmonton
Samurai Japanese Restaurant,2.15390067125335,3.5,69,Rosemont
Samurai Sushi,3.1629531143090124,4.0,367,Nashville
San Antonio Taco Co,2.386477390238452,3.5,386,Nashville
San Jose Mexican Restaurant,2.180349893733717,3.0,155,Lutz
San Jose Mexican Restaurant Webster Groves,2.9159621598639456,3.5,76,Webster Groves
Sansom Kabob House,2.9755551374055225,4.0,106,Philadelphia
Santa Barbara Shellfish Company,2.857224729302064,4.0,2404,Santa Barbara
Santa Fe,2.6307783210073916,3.5,252,New Orleans
Santana's Bakery & Cafe,3.666796875,5.0,7,Camden
Santini Pizzeria,3.300324074074074,4.0,11,Blackwood
Santorini Greek Island Grill,2.71064515671503,4.5,35,Isla Vista
Sapore Italian Cafe,2.1691587430426713,3.5,8,Manchester
Sapporo Sushi,1.6449725975975973,2.5,32,Edmonton
Sarcone's Deli,1.41875,2.0,6,Newtown
Sarku Japan,2.152541763791764,3.5,20,Tampa
Sassafras Restaurant,3.1272876415646116,3.5,204,New Orleans
Sauce on the Side,3.105713881368163,4.5,232,St. Louis
Savvy Jack's Southern,2.1705435060249996,3.5,98,Temple Terrace
Say Cheese,2.3102124999999996,4.0,34,Philadelphia
Sbraga,2.7652567491051037,4.0,375,Philadelphia
Scannicchio's,2.4105703033111934,4.0,187,Philadelphia
Schlafly Bottleworks,2.606690034287624,4.0,615,Saint Louis
Schnitzelhaus Restaurant,3.6311428571428572,3.0,11,Tampa
Schnucks - Brentwood,2.486870421245421,2.5,24,Brentwood
Schnucks - Loughborough,1.0810985413396126,3.0,25,Saint Louis
Schnucks Des Peres,2.3187666251159555,4.0,67,Saint Louis
Schnucks Telegraph,0.6952606694775811,2.0,9,St. Louis
Scotland Run Golf Club,2.8185175736961448,3.5,39,Williamstown
Scotty's Lakehouse,2.886226736972705,3.5,40,Fishers
Scotty's Pizza,3.268928571428571,3.5,11,Gilbertsville
Scout's Pub,2.9596,3.5,77,Franklin
Sculley's Waterfront Restaurant,2.223096332142145,2.5,355,Madeira Beach
Sea Turtle Restaurant,3.122793565802143,4.0,262,Saint Pete Beach
Seafood Time,2.4165069300069297,4.0,27,Tucson
Season's Fresh,2.778568221351769,4.5,104,Tampa
Season's Pizza,2.4918125,3.0,7,Wilmington
Seasons Cafe & Bakery,3.011895833247347,4.0,292,Pinellas Park
Seasons Pizza,2.507554788961039,2.5,30,Wayne
Seffner Tiki Hut,1.4364285714285714,4.0,17,Seffner
Semenza's Pizzeria,2.826829311786698,3.5,117,Reno
Seminole Hard Rock Hotel & Casino Tampa,1.861652975478923,2.5,739,Tampa
Sen Thai Asian Bistro,2.4944610795454545,4.0,181,St Louis
Senora's Authentic Mexican Cuisine,3.2410425095940445,4.0,24,West Chester
Seorak Teppan & Bar,2.740214269480519,4.0,46,Edmonton
Seoul Garden,2.658961580486303,3.5,166,Nashville
Serious Cookie Company,2.423426806006493,3.5,54,Clearwater Beach
Seven Zero Eight,1.7217347222222221,2.0,34,Saint Louis
Shanghai Express,3.229618810876623,4.0,74,Marlton
Shanghai Station,3.2305443557214386,4.0,46,Philadelphia
Shank Charcuterie,3.081868686868687,4.5,44,New Orleans
Shapiro's Delicatessen,2.158322005772005,4.0,38,Carmel
Shark Tales,2.6270729303378086,3.0,96,St Pete Beach
Sharky's Beach Bar,2.2693139423076922,3.5,63,Clearwater Beach
SharpShooter Indoor Shooting Range,3.5355013840326337,4.5,59,Saint Louis
Shenaniganz Chill and Grill,0.6399999999999999,3.0,9,Apollo Beach
Shephard's Beach Resort,2.366029225027417,3.0,371,Clearwater Beach
Sher-e-Punjab,2.963637242481634,4.0,446,Tucson
Sheraton Indianapolis Hotel at Keystone Crossing,2.231775227193724,2.5,141,Indianapolis
Shere-E-Punjab,3.019638151698921,4.0,170,Media
Sherwood Cafe Family Restaurant,3.048977792207792,4.5,54,Indianapolis
Shing Kee,2.683413149350649,4.0,84,Philadelphia
Shiraz Wine Cafe',3.617409090909091,2.5,39,Carmel
Shishkabob House,3.358355774355064,4.5,61,Kenner
Shogun,2.9263214285714283,3.0,24,Creve Coeur
Shoney's Restaurant,1.353754423744658,1.5,46,Nashville
Shoneys,0.7125426136363636,1.5,14,Nashville
ShopRite of Eddystone,2.153015873015873,3.0,15,Eddystone
ShopRite of Whitman Plaza,3.596734693877551,2.5,43,Philadelphia
ShopRite of Willingboro,0.7766071428571428,1.5,5,Willingboro
Short Hills Restaurant & Deli,2.537669463940879,3.0,115,Cherry Hill
Shorty's Breakfast & Gourmet Deli,3.037092857142857,4.5,68,Clearwater
Show Palace Dinner Theatre,2.899202119130869,3.5,38,Hudson
Shula's 347 Grill,1.6855367965367964,2.5,14,Conshohocken
Siam Cafe,3.1619892258635125,4.0,141,Nashville
Siam Elephant,3.293445885652972,4.5,460,Carpinteria
Siam STL,2.1797468602825743,3.0,41,Saint Louis
Siam Thai Restaurant,2.7248433188834973,3.0,27,Boise
Siamese Princess,2.680567078318663,4.0,112,Ardmore
Sicilian Pasta Kitchen South,2.9455166629586444,3.5,97,Edmonton
Sicilian Trattoria,2.1933122655405817,3.5,56,Elkins Park
Sid Booker's Shrimp,3.2466592261904763,3.5,59,Philadelphia
Side Wok Cafe,2.1782613636363632,4.0,28,Indianapolis
Sidekicks Pizza,3.1173969652796187,4.0,45,Indianapolis
Sidelines Grill,2.6540925925925927,3.0,39,Ashland City
Silver Mine Subs,1.5329458854970557,3.0,36,Tucson
Silver Peak Grill & Taproom,2.5697696870040634,3.5,383,Reno
Silver State Eatery,3.5884558736717826,4.0,38,Reno
Simpatico Italian BYOB,3.644772727272727,4.0,18,Huntingdon Valley
Simply Delicious - Country Market & Deli,3.382164225979648,5.0,89,Saint Petersburg
Simply Thai Restaurant,2.9481793119775337,4.0,85,Florissant
Singapore Restaurant & Sushi Bar,2.8993104740640274,4.0,98,Mount Laurel
Singha Song Thai,2.351809123847167,3.5,30,New Orleans
Singha Thai Cafe,2.4374909070665653,3.5,49,New Orleans
Sips Specialty Coffee House,3.2373076356513852,4.5,219,Tampa
Sister Muhammad's Kitchen,3.023593253968254,4.0,126,Philadelphia
Sizzler,2.173672664141414,3.0,123,Sparks
Skeeter's Pub,3.065742990196078,3.5,92,Blackwood
Skippers Seafood & Chowder House,3.2407216253638738,3.5,41,Boise
Sky Cafe,3.098208487116712,4.5,135,Philadelphia
Sky City Cafe,2.8860991379310343,4.0,18,Indianapolis
Skyline Chili,2.696417708333333,4.0,81,Clearwater
Skyway Cafe,2.856020738785765,4.0,276,St. Petersburg
Slack's Hoagie Shack,1.5607163888888889,3.5,58,Fairless Hills
Slate,2.5554605848465943,3.0,124,Philadelphia
Slate Bleu Restaurant,2.8781663455757207,4.0,105,Doylestown
Slice Of Heaven Pizza,3.5690972504058442,3.5,66,Holiday
Slice of Life Pizzeria,2.328543150859557,3.5,68,New Port Richey
Sliced Deli,3.4353606646825394,4.0,24,Nashville
Slices Pizza,2.7511331581117298,4.0,122,Philadelphia
Sligo,0.7224999999999999,3.0,27,Glen Mills
Slimms Pizza and Salads,3.304376336972078,4.5,75,Fishers
Sloppy Hoggs Roed Hus,2.6485386868566216,3.5,115,Edmonton
Slowdown Grillpub,1.8171156655844154,3.0,60,Aston
Sláinte Pub & Grill,2.296907499690429,3.5,139,Philadelphia
Smashburger,2.3327020207575897,2.5,77,Malvern
Smees Alaskan Fish Bar & Marketplace,3.362011008014317,4.5,97,Reno
Smiley's Cafe,2.946981410685269,4.5,423,Philadelphia
Smilie's Restaurant,1.2254113614618802,2.0,28,Harahan
Smiths Restaurant and Bar,2.2171085203757888,3.0,225,Philadelphia
Smoke 'N Barrel BBQ Shack,1.6266144826351592,2.0,66,Goleta
Smoke BBQ,3.616863900713794,4.5,140,Audubon
Smokey Pint,2.390497969375396,4.0,37,Philadelphia
Smokin' Out,3.4752377671807357,4.5,88,Holiday
Smoothie King,1.40625,3.0,13,Smyrna
Smugala's Pizza Pub Oakville,0.7044448390151515,2.5,11,Saint Louis
Smyrna Cafe,3.184592857142857,4.0,184,Smyrna
Snackbar,3.121416925125313,3.5,56,Philadelphia
Snap Custom Pizza,3.280981681566859,4.5,190,Ardmore
Snarf's Sandwiches - Saint Louis,3.2616451569264067,4.0,87,Saint Louis
Snellgroves Restaurant,1.8108611884147596,3.5,64,Plant City
SoFresh,3.3720899333112873,4.5,306,Tampa
Social Gastropub,2.342852172998959,3.5,131,Edwardsville
Social Modern Pub,2.872272159090909,4.0,10,Edmonton
Sociale Italian Tapas & Pizza Bar,2.9839768726944054,4.0,125,Tampa
Sockeye Brewing,2.610631830524232,4.0,236,Boise
Soco's Gyros,3.1908662479006753,4.0,126,Saint Louis
Soda Fountain Square,2.806336830607664,3.5,17,Saint Louis
Sofra Restaurant,3.18099436078667,4.5,75,Edmonton
Sole II Soul,1.2847663074329738,2.5,34,Philadelphia
Solly Pizza,3.443315295815296,4.0,40,Philadelphia
Something Grilled,2.738648404276279,3.5,75,Exton
Son Seafood,3.5710584305896806,4.5,9,Chalmette
Sonam,3.227975,4.5,9,Philadelphia
Song Da,2.90640625,4.0,25,Smyrna
Sonic,2.907142857142857,3.5,12,Hatboro
Sonic Drive-In,2.0199978056980896,1.5,34,Bellevue
Sonny's BBQ,1.572122287236573,3.0,28,Plant City
Sorelle Restaurant,2.9122375,3.5,16,Spring Hill
Sorrento's Pizza,2.355958333333333,2.5,39,Philadelphia
Soup Dumplings STL,3.0437002314814814,4.0,166,St. Louis
South Grand Gyro Express,3.2152868867243867,4.0,19,Saint Louis
Southgate,2.9133442765355073,4.0,323,Philadelphia
Soy Bistro,3.230826851707346,4.5,482,Brentwood
Spasso Italian Grill,2.5797198983568026,3.5,192,Media
Spatola's Pizza,3.0509423075396827,4.0,66,Chalfont
Speckled Hen,0.73,4.0,5,Nashville
Speedway Eatery,3.5979107142857143,3.5,7,Saint Louis
Sphinx Restaurant,3.6004843749999997,4.0,20,Nashville
Spice Finch,3.639531565656566,4.5,325,Philadelphia
Spice Kitchen,2.0638703967752923,3.0,49,Trooper
Spice Thai Cuisine,3.1087028447742737,4.0,65,Doylestown
Spice of India,2.3935416666666667,3.5,16,St. Louis
Spice-n-Grill,3.157374304096136,4.5,157,Saint Louis
Spinners Revolving Roof-Top Lounge,2.8181405071573957,3.5,177,St. Pete Beach
Spiro's Restaurant,3.0233537557219643,4.5,158,Chesterfield
Spot On Donair and Kebab,0.6487499999999999,2.5,13,Edmonton
Spring Chinese Restaurant,1.5421854118104117,3.5,58,Philadelphia
Spring Hollow Golf Club,0.625,3.0,29,Spring City
Square 1682,2.534020315386192,3.5,385,Philadelphia
Squeal,2.3290894232735586,3.5,244,New Orleans
St Honore Pastries,2.9480416945221166,4.0,80,Philadelphia
St Mary's Mexican Food,3.0703575059599078,4.0,207,Tucson
St. Declan's Well,3.2897694444444445,3.5,30,Philadelphia
St. Louis Bread,2.204965625158984,2.5,75,Creve Coeur
St. Louis Union Station Marriott,2.3366554198043024,3.5,41,Saint Louis
St. Pete Bagel Co.,2.9226466855650175,4.5,265,Saint Petersburg
St. Philip’s Plaza,3.6266666666666665,4.5,19,Tucson
Stacie's Cottage Cafe,3.2772211538461535,4.0,27,Saint Petersburg
Stacked Pickle - 96th Street,2.3464948780964408,3.0,67,Indianapolis
Stackers,2.8377388996138992,4.5,6,Gretna
StarLite Sapphire,2.9601249999999997,3.5,45,St. Petersburg
Starbucks,2.1625104962745585,3.0,65,Nashville
Stardust Terrace Cafe,1.4083791208791208,4.0,18,Indianapolis
Stargate Diner,2.6144851785714285,3.5,71,Ridley Park
State & A Bar and Grill,2.1224203504828503,3.0,31,Santa Barbara
State Street Kitchen,3.0382835360169342,4.5,124,Newtown
State of New Jersey Motor Vehicle Comission,3.5228823529411764,2.0,10,Cherry Hill
Station 52 Sports Bar & Pizzeria,2.332838987299465,3.0,42,Mendenhall
Steak & Pasta House,3.261680814093314,4.0,59,Reno
Steak 'n Shake,1.0414353354978354,1.5,26,Hazelwood
Steak N' Shake,0.9435555555555555,2.0,12,Indianapolis
Steak and Hoagie Factory,3.5945,2.5,38,Warminster
Steak ’n Shake,1.6847430008824962,2.0,77,Tampa
Steak-Out,2.5072511574074072,4.0,20,Swansea
Steamboat Natchez,2.56288188222084,3.5,780,New Orleans
Stefano Greek Italian Restaurant,2.9924186765615337,4.0,106,Tampa
Stefano's II Brick Oven Pizzeria,2.128030753968254,2.5,34,Bensalem
Stella Maris Restaurant & Hookah Lounge,3.3522428758741256,4.5,78,Arabi
Stella Sera,3.1972908347194675,4.0,48,Philadelphia
Steppy's Sports Bar & Grill,1.898,3.0,69,East Norriton
Steve's Grilled Cheese and Quesadilla,3.0561340614370747,4.0,40,Glendora
Stokehold Restaurant,3.725,4.5,13,New Orleans
Stone Creek Zionsville,2.68239645741541,4.0,206,Zionsville
Stonewell Restaurant,3.1041899288451007,4.0,41,Conshohocken
Stoney River Steakhouse and Grill,3.0308795608818104,4.0,252,Franklin
Strange Donuts,2.608241375722159,3.5,352,Maplewood
Street- Taco and Beer Co.,3.1576179973494436,4.5,805,Tucson
Strike & Spare Family Fun Center - Nashville,2.8501643518518516,3.5,29,Nashville
Subway,1.8217566754608536,2.5,9,Sparks
Subway Restaurants,1.4379978021978022,2.5,16,Nashville
Suegra Tequila Cantina,2.5865352905924395,3.5,132,Oldsmar
Suis Generis,2.999222833776576,4.0,100,New Orleans
Sukho Thai,2.500663739505162,3.5,116,Nashville
Sulas,2.8738690476190474,4.0,7,Tampa
Summer Palace Chinese Restaurant,3.554034090909091,2.5,9,Chesterfield
Summit Cakery & Cafe,3.6033353794642857,3.5,39,Woodbury Heights
Sumo Sumo,2.855301052618017,2.5,11,Edmonton
Sun Diner,3.115764584731498,4.0,460,Nashville
Sun-Rise Baking Company,3.7024999999999997,4.0,7,Tucson
Sunday's Fine Dining,1.078985386088194,3.5,18,Tampa
Sundial St. Pete,2.3960066738816734,4.0,42,St. Petersburg
Sunova Beach,2.9103601398601397,3.5,28,Tampa
Sunrise Cafe,1.7957656802739137,3.0,62,Tucson
Sunrise Family Restaurant,2.756104957691651,3.5,87,Saint Ann
Sunset 44 Bistro,2.691878206669873,4.0,73,Saint Louis
Sunset Grille,2.892039502164502,4.0,48,Saint Petersburg
Sunshine Cafe,2.2580438558836993,3.5,31,Ruskin
Super China Buffet,1.8818999368686866,3.5,38,Indianapolis
Super China Chinese Restaurant,3.3368743386243387,4.0,54,Port Richey
Super Dog,2.85375,4.0,6,Nashville
Super Gyros,2.864060570987654,4.5,79,Belleville
Super Gyros & More,2.164489087301587,4.0,23,Tucson
Super Wok,2.7598464105339104,3.0,48,Hermitage
Superior Grill,2.500710155534636,3.0,510,New Orleans
Supremos,3.53,3.0,7,Willingboro Township
Suraya,3.299568119913845,4.5,1121,Philadelphia
Surf and Turf Kitchen,2.5030096726190476,3.5,25,Lahaska
Surrey's Café & Juice Bar,3.199003767023292,4.5,2084,New Orleans
Susanna Foo Chinese Cuisine,2.671536231420468,3.5,26,Philadelphia
Sushi Ai,1.9476933994708994,3.0,57,O'Fallon
Sushi Avenue,2.770609677608716,4.0,150,Tampa
Sushi Bar,2.850637348656884,4.0,346,Indianapolis
Sushi Minato,3.0710587059839036,4.0,231,Reno
Sushi Nara,3.263884699319321,4.5,159,Tucson
Sushi Rose,2.892183296014414,3.5,634,Reno
Sushi Sho Rexley,3.607617420773671,4.5,121,Saint Petersburg
Sushi Teri,2.351367178971391,3.0,167,Carpinteria
Sushi Tsu Japanese Steakhouse & Sushi Bar,3.5954605263157893,3.5,19,Tampa
Sushi Tyme,2.011780925324675,3.5,155,Santa Barbara
Sushi Ushi,3.429015457441141,4.5,256,Valrico
Sushi Wasabi,2.389847222222222,4.0,57,Edmonton
Sushi Zen,1.657112244897959,2.5,17,Saint Petersburg
Sushi-Haru,1.801252593443142,3.5,63,Tampa
Sushipop,2.76130247790404,3.5,48,Metairie
Sushiya Express,2.8799170343745155,3.5,163,Goleta
Suzie Q's Diner,2.859017857142857,4.0,26,Seminole
Suzy-Jo Donuts,3.1319929168054164,4.5,89,Bridgeport
Swagruha Indian Cuisine,1.7764285714285712,2.5,35,Maryland Heights
Sweet Island Vibes,3.2330080419580423,3.0,12,Largo
Sweet Lorraine's Cafe and Bar,2.8692297979797976,2.0,15,Lahaska
Sweet Soulfood,3.6286990973428317,4.5,385,New Orleans
Sweets N' Stuff Sushi Bar,1.445685606060606,4.0,9,Media
Swiss Haus Cafe & Pastry Bar,3.0475970989006806,4.0,261,Philadelphia
Syberg's on Market,2.0931307936507935,3.0,108,Saint Louis
Sylvan Park Restaurant,0.72,2.5,6,Nashville
Sylvia's Queen of Soul Food,2.4748555291107057,3.5,132,St Petersburg
Szechuan Asian Cuisine,0.6967857142857142,3.5,8,Sewell
Szechuan Hill Chinese Restaurant,2.8402549984737484,3.5,53,Drexel Hill
Szechuan House,2.611524842151313,4.0,213,Hamilton
Szechuan Lei Lei,1.8352499999999998,3.5,27,Havertown
Szechuan Mandarin Chinese Restaurant,2.89560142445777,3.5,50,Elkins Park
Szechuan Paramount Restaurant,1.4442857142857142,3.0,25,Edmonton
T J Courtney's Restaurant and Catering,3.0474554552105504,3.5,112,Mt Juliet
T's Hot Chicken Shack,0.6914285714285714,2.5,14,Gallatin
T.H.I.S. Place,3.5746159914977262,4.5,24,Edmonton
TJ Smith's,2.0846550209349237,3.0,155,Warrington
TJ's Italian Cafe,2.5450756551627385,3.5,166,Indian Rocks Beach
TaTa Cuban Cafe,1.55434613691968,3.5,54,Indianapolis
Table Top Cafe,3.5731334189066746,4.5,33,Edmonton
Tace Lounge New Orleans Cuisine & Jazz,1.9496703136988163,2.5,77,Tampa
Taco & Burrito Place,3.2009057142857147,4.5,90,Indianapolis
Taco Bell,1.4580818346501923,1.0,26,Carmel
Taco Del Mar,1.8955368589743589,3.5,16,New Orleans
Taco Rey,3.6543,3.0,19,Tampa
Taco Suave,3.49030638640873,4.0,96,Warminster
Taco Time,0.6765530303030303,3.0,15,Boise
TacoSon,3.015059361936298,4.5,453,Tampa
Tacodelphia,3.092191216761104,4.0,240,Philadelphia
Taj Mahal Homestyle Indian & Pakistani Cuisine,3.1878061394406245,4.0,280,Boise
Take A Taste Cafe,3.6357024872448975,4.5,13,Langhorne
Tako Japanese Restaurant,3.0276147097943196,4.0,181,Bensalem
Tamarind Tree Cafe,3.3247783801020407,4.0,9,Tampa
Tamarindos Restaurant,2.460277164502164,3.5,118,Flourtown
Tampa Bay Brewing Company Westchase,3.1057657514856176,4.0,476,Tampa
Tampa Pizza Co - Westchase,2.1751761420003604,4.0,81,Tampa
Tandoor & Tikka,3.382632657273282,4.0,157,Indianapolis
Tandoor Authentic Indian Restaurant,2.1258537637842005,3.5,148,Philadelphia
Tandoori Of India,3.4327101544289045,4.0,71,Philadelphia
Tangelo's Grille,3.0862013739285517,4.0,121,Gulfport
Tango Grill Nashville,3.6046875,5.0,10,Nashville
Tangs Garden,2.822802795031056,3.5,25,Royersford
Tap's Deli & Brewhouse,1.959600308641975,3.0,19,Riverview
Tapper Pub,1.3922810846560845,4.0,29,Tampa
Taqueria Azteca,3.332206534527479,4.5,104,Nashville
Taqueria Chazumba,2.933958333333333,3.5,12,Clearwater
Taqueria Cuernavaca,3.247854661561716,4.5,409,Santa Barbara
Taqueria Dos Amigos,2.872750295159386,4.5,17,Spring City
Taqueria El Jaliciense,3.5525,4.5,6,Nashville
Taqueria El Pastorcito,2.5300946377840905,4.0,66,Santa Barbara
Taqueria El Sitio,2.1619999999999995,4.5,8,Hermitage
Taqueria El Sol,3.4277578125,4.5,69,Wimauma
Taqueria Feliz,2.1203252976190474,3.0,77,Horsham
Taqueria Guerrero,3.212973465165186,4.0,245,New Orleans
Taqueria La Calpeña,2.8674999999999997,4.5,11,Camden
Taqueria La Coyota 2,3.541818181818182,5.0,5,New Orleans
Taqueria La Hacienda,3.55546875,3.5,10,Philadelphia
Taqueria Los 3 Toritos,3.61640625,4.5,63,Reno
Taqueria Los Primos,2.839353968253968,4.0,23,Wilmington
Taqueria Pico De Gallo,2.792760231612941,4.0,397,Tucson
Taqueria Rincon Alteno,3.4810075591925083,4.0,68,Santa Barbara
Taqueria del Sol,2.145099807151294,3.5,57,Willow Grove
Taqueria el Jalapeno,3.60425,4.0,21,Bridgeport
Taquería La Juquilita,3.6265681344696974,4.5,74,Nashville
Tarahumara,3.4811241082150173,4.5,24,Saint Louis
Taranovas Pizza and Pasta,2.5490816487455197,3.0,60,Bensalem
Tarshishi's New York Style Deli,2.887,4.0,6,Burlington
Taste of India,2.487890992074013,3.0,155,Wayne
Taste of the Caribbean,2.8844285714285713,3.0,17,Indianapolis
Taste of the Islands,2.846428571428571,4.0,47,Norristown
Tastee Restaurant,3.5353757917089554,4.5,141,Kenner
Tasties,1.6778078455066237,2.5,106,Philadelphia
Tasty Noodle,2.897177358260019,3.5,64,Edmonton
Tasty Tom's,2.619228050595238,4.0,67,Edmonton
Tasty Tomato Italian Eatery,3.3625797895622895,4.0,51,Edmonton
Tavern,2.8591748208438013,4.0,1222,Nashville
Taverna Food Spirits,2.058680422647528,3.5,35,Indianapolis
Taza Mediterranean Grill,3.3698102564102563,4.5,65,Brandon
Taziki's Mediterranean Cafe - Mt. Juliet,2.7288098106060605,4.0,71,Mt Juliet
Taziki's Mediterranean Cafe - West End,2.5817156170851194,3.5,120,Nashville
Ted Peter's Famous Smoked Fish,3.1070491896162657,4.0,480,South Pasadena
Ted's Luncheonette,3.67925,4.0,37,Largo
Teddy's Place,3.600656565656566,4.0,23,Chadds Ford
Temaki Sushi,3.085742239469869,3.5,135,Media
Tennessee Brew Works,3.2845991635059106,4.5,421,Nashville
Tenno Japanese Restaurant,2.7397310238519648,3.5,29,Nashville
Teriyaki Japan,1.4216666666666666,3.0,27,Indianapolis
Termini Bros Bakery,3.1938709870139514,4.0,263,Philadelphia
Terra Sur Cafe,2.945038912404068,4.0,316,Tampa
Terrace Lounge,2.580580863195446,3.5,84,Reno
Terraza Cafe,1.878477716640085,3.0,17,Santa Barbara
Testa's Bakery,2.8542889030612244,3.5,37,Havertown
Texas Roadhouse,2.5243689816926547,4.0,240,Bensalem
Texas Wieners,2.5962061688311686,4.0,42,Philadelphia
Thai 5 Fast Food,3.3062815108306003,4.0,336,Tampa
Thai Country Cafe,2.378020903728624,3.5,187,Saint Louis
Thai Cuisine,2.945388362133898,4.0,76,Spring Hill
Thai Cuisine & Cafe,2.5016649756493505,3.0,8,Abington
Thai Delight,3.2416,4.0,12,Port Richey
Thai Fusion,3.359508013811585,4.0,58,Indianapolis
Thai House,3.542348868145743,4.5,117,Columbia
Thai Legacy Restaurant,3.3382590732593904,4.5,203,Brandon
Thai Orchid,3.208346982382696,4.0,195,Blue Bell
Thai Orchid Restaurant,3.4726427248677245,4.0,41,Edmonton
Thai Phooket Smyrna,3.2956464032061685,4.0,76,Smyrna
Thai Place Restaurant,3.2419655643975824,4.5,222,Phoenixville
Thai Taste Restaurant,3.216905613687783,4.0,32,Nashville
Thai Thanee,3.350580423280423,4.0,18,Abington
Thailand Restaurant,3.1352930500202323,4.0,119,Tampa
That Awesome Taco Truck,1.4549999999999998,3.5,11,Nashville
That BBQ Place,2.7553088796124507,4.0,56,Sherwood Park
The Angry Chef's Corner Kitchen,2.840583333333333,4.0,5,Sewell
The Bakery House,3.279569571406037,3.5,137,Bryn Mawr
The Beach Grill at Padaro,2.922870535714286,4.0,16,Carpinteria
The Big Cheezy,3.030941714843798,4.0,154,Kenner
The Black Sheep Pub & Restaurant,2.4740355800024547,3.5,339,Philadelphia
The Blarney Stone,2.147837085137085,3.5,46,Philadelphia
The Blind Tiger Cafe - Ybor City,2.93283939986278,4.5,331,Tampa
The Block,2.6671763847624974,4.0,155,Saint Louis
The Blue Duck,2.9799454701547257,4.0,495,Philadelphia
The Boilermaker,2.623453751566416,4.0,35,Philadelphia
The Boiling House,3.239833260074768,4.0,238,Cherry Hill
The Bourse,2.1587589285714284,2.0,35,Philadelphia
The Boyz Subs & Steaks,0.7096874999999999,3.0,14,Cherry Hill
The Bricks,2.7953780030732616,4.0,548,Tampa
The Buffalo Spot - Tucson,1.4292142857142855,3.0,101,Tucson
The Buffet,2.486766571006393,3.5,594,Reno
The Burg Diner,3.217211589460847,4.0,109,Saint Petersburg
The Burger Joint,3.153123468393205,4.0,87,Edmonton
The C House,2.10065817775974,4.0,376,Tampa
The Cafe DbyD,2.985,4.5,39,Nashville
The Cake Bake Shop by Gwendolyn Rogers-Broad Ripple Village,2.745281131325119,4.0,996,Indianapolis
The Captain's Boil,3.310197161172161,3.5,64,Edmonton
The Casino Grill,1.814642857142857,4.0,38,Reno
The Centennial Cafe,1.919646213435687,3.5,26,Philadelphia
The Cheesecake Factory - Cool Springs,2.164516758376482,3.0,248,Franklin
The Cheesesteak Factory,1.8832222222222221,1.5,20,Glassboro
The Cheezy Cajun,3.069835953282828,4.0,95,Bywater
The Chopped Leaf,3.5946683673469386,4.0,10,Edmonton
The Cider Factory,3.6108523912595336,4.5,104,Virginia City
The Concourse at Comcast Center,2.414826634399551,3.0,48,Philadelphia
The Corkscroo Bar & Pizzeria,3.604172077922078,4.5,14,Reno
The Coventry Deli,3.1453762368996743,4.0,65,Philadelphia
The Craft House,2.8607120679434277,3.0,75,Thorndale
The Creperie Cafe,2.764326379206986,3.5,131,Boise
The Crystal Room,0.6935227272727272,2.5,11,New Orleans
The Cuban Sandwich Shop,3.456921546000203,4.5,506,Indianapolis
The Cubby Hole,3.324472463401132,4.5,202,Moorestown
The Daily Bread Bakery & Cafe,2.6440820857383356,4.0,114,St. Louis
The Depot Craft Brewery Distillery,2.828983806068214,4.0,1245,Reno
The Dish Bistro,2.583629170715905,4.0,69,Tucson
The Distelfink Bakery,3.6771875,3.0,14,Lansdale
The Drafting Room Tap Room & Grill,2.0321169345529784,3.5,104,Exton
The Egg & I,1.9424384194459747,3.0,133,Carmel
The Enerjuicer,2.5606586290134024,3.5,122,Tampa
The Farm and Fisherman,2.964050350606305,4.0,234,Philadelphia
The Fat Ham,2.9964891838927707,4.0,286,Philadelphia
The Flying Bridge,2.2849430465367964,3.5,62,St. Pete Beach
The Food Liaison,3.4527301136363633,4.5,84,Carpinteria
The Foodery,3.1295006580353806,4.0,156,Philadelphia
The Fountain On Locust,3.167910009313891,4.5,1010,Saint Louis
The Freshworks of Port Richmond,3.0460525568181818,4.5,66,Philadelphia
The Garden Brunch Cafe,3.2221545708912527,4.5,712,Nashville
The Golden Eagle Diner and Restaurant,1.8917015098722416,2.5,99,Bristol
The Good Pie,2.7978370531853027,4.0,126,Saint Louis
The Governor,2.675774345495774,4.5,330,New Orleans
The Grog Grill,2.5082510467649435,3.5,125,Bryn Mawr
The Gypsy Saloon,2.4931348486444875,4.0,201,West Conshohocken
The Gyro House,0.6799999999999999,3.0,9,Boise
The Happy Mixer Gluten Free Bakery,3.6003685195852535,5.0,84,Chalfont
The Hattery Stove & Still,2.9048330919097656,4.0,274,Doylestown
The Haven,2.991793939281905,3.5,103,St. Louis
The Hideaway,2.7249553643048126,4.0,48,Saint Louis
The Hive,1.6153983134920635,4.0,54,Creve Coeur
The Honu,3.3055942723364597,4.0,234,Dunedin
The Horse Tavern & Grill,2.648514338347518,3.5,58,Sellersville
The Hot Spot,2.3272483261322545,3.5,8,Nashville
The Howlin' Wolf,2.61010898937933,3.5,213,New Orleans
The Hummingbird Restaurant,3.3979315476190477,4.0,92,Trenton
The Hungry Greek,2.162212719298245,3.5,69,Tampa
The Hungry H,2.5958901515151513,3.0,9,Morrisville
The Independent,3.0012417873047665,4.0,360,Tampa
The Irish Times,2.4777617670208576,3.5,44,Philadelphia
The Latin Bistro,2.9107147005772007,4.0,24,Riverview
The Libertine Liquor Bar,3.1665141365624976,4.0,208,Indianapolis
The Little Lamb,3.302517742935996,4.5,307,Clearwater
The Live Juke Joint Dueling Piano Bar,1.8867574609733702,3.5,17,Maplewood
The Local Omnivore,3.226567234848485,4.0,71,Edmonton
The Love,2.9585481425609617,4.0,618,Philadelphia
The Mad Crab,2.767932000712373,3.5,156,University City
The Mardi Gras School of Cooking,3.6057596553261426,4.5,70,NEW ORLEANS
The Mason Jar,2.289621551554506,3.5,90,Metairie
The Melting Pot,2.2949264940417904,3.5,15,Reno
The Mustard Seed Restaurant,3.204590189956535,4.0,157,Reno
The Nations Bar & Grill,2.8745027231696874,3.5,45,Nashville
The Neidhammer Coffee Co.,3.501603517694427,4.5,156,Indianapolis
The New Maple Hill Restaurant,1.3766026785714283,3.5,36,Maple Shade
The Night Owl,3.5824107142857144,4.5,15,Nashville
The Nook,2.9233635524759145,4.0,103,Reno
The O Oracle 2000,3.6461,3.5,18,Tucson
The Old Spaghetti Factory,2.497818881983096,3.0,288,Nashville
The Original Bagel,3.6612125,4.5,64,Broomall
The Original Habit Burger Grill,3.314556606997392,4.0,329,Goleta
The Original Pancake House,2.8306808623333386,3.5,123,Indianapolis
The Outpost Tap House + Tavern,2.22477947010044,3.5,94,Tampa
The Pancake Pantry,2.828456674154877,4.0,2063,Nashville
The Pasta House,2.215936347632035,2.5,205,St. Louis
The Pasta House Co,3.267547077922078,4.0,35,High Ridge
The Pearl,3.3980398173285926,4.0,129,Treasure Island
The Phat Noodle,2.87125,3.5,6,Edmonton
The Pines Tavern,2.889223127104377,4.0,77,Bristol
The Pink Dolphin,2.837339877344877,3.0,36,Philadelphia
The Pint Room,2.9329877745038644,4.0,423,Carmel
The Pizza Pasta House,3.59,2.5,5,Hatboro
The Pour House,2.1788717948717946,3.0,34,Saint Louis
The Praline Connection,2.401062528783904,3.5,770,New Orleans
The Red Piano,2.738736648478836,3.0,73,Edmonton
The Rice House,2.0601928854875284,3.0,78,Florissant
"The Ritz-Carlton Spa, New Orleans",3.1402757185018526,4.0,66,New Orleans
The Roost,2.6132505392776757,3.5,142,Fishers
The Shop Pizzeria & Market,3.6382142857142856,4.0,16,Monroe Township
The Silo Eatery Coffee Bakery,3.659,4.0,5,Tampa
The Silverspoon,2.8319833713480596,4.0,233,Wayne
The Smiling Elephant,2.9526848012870164,4.0,604,Nashville
The Soup and Sandwich,3.093462053571429,4.5,8,Sherwood Park
The Spot,2.2167231027203247,3.0,80,Philadelphia
The Spot Bar And Grill,3.6110714285714285,4.0,16,St. Petersburg
The Spot Sushi Burritos,3.3799184518397185,4.5,182,Largo
"The Stacks, Art and Design Bookstore",3.635,4.5,6,New Orleans
The Station,3.259126665766831,4.0,37,Merchantville
The Steak Out,2.1574315089672234,2.5,30,Marana
The Stuffed Crab,2.4900545013320015,4.5,34,Metairie
The Sundance Cafe,1.423181818181818,3.5,8,Verdi
The Sweet Taco,2.0511093923859636,3.0,153,Springfield
The Tattooed Pig,3.5235537190082646,4.0,56,Aston
The Three Coins Diner,3.1264267690192495,4.0,341,Tampa
The Trappe Tavern,1.9903713860544217,3.0,109,Trappe
The Turning Point - Cherry Hill,2.4158540708593286,3.5,243,Cherry Hill
The Turnip Truck Urban Fare,3.0496920738987163,4.0,145,Nashville
The Twisted Iron,3.4350617321170893,4.5,26,Tampa
The Twisted Tail,2.864440264704366,4.0,604,Philadelphia
The Underground Tap & Grill,2.83285200116601,3.5,96,Edmonton
The Urban Juicer,0.6664,3.5,27,Nashville
The Village Diner,2.158733483969925,3.5,80,Glenside
The Warwick Tavern,0.733,3.5,26,Somerdale
The Waterwheel,3.099786904761905,4.0,35,Doylestown
The Wine Loft,2.5142868658580033,3.0,36,Nashville
The Wine Tap,3.5553003481948333,4.5,93,Belleville
The Wooden Spoon Cafe and Bakery,3.2173125000000002,4.0,21,Phoenixville
The Woodrack Cafe,2.8778962530525027,4.0,60,Edmonton
The Workshop Eatery,2.974452359671299,4.0,139,Edmonton
Thien An Restaurant,2.8814692602718917,4.0,25,Edmonton
Three  Flags Tavern,3.239445669890032,4.0,147,Saint Louis
Three 12 Sport Bar and Lounge,1.406,2.5,33,Philadelphia
Three Brothers Bar & Grill,2.74375,3.0,6,Hillsborough County
Three Brothers Coffee,3.3465973071134774,4.5,249,Nashville
Three Carrots Fountain Square,3.4772340314913843,4.5,246,Indianapolis
Three Muses,3.0344745574715297,4.0,1165,New Orleans
Tiedhouse,3.580277777777778,3.5,6,Philadelphia
Tiffin-Etc,1.330520833333333,3.0,21,Philadelphia
Tijuana Flats,2.9526533144507803,4.0,104,Tampa
Tiki Tolteca,3.1459613801594393,4.0,214,New Orleans
Tilted Kilt Pub and Eatery,1.7531249999999998,2.5,11,Tampa
Tim Hortons,2.535833333333333,3.0,6,Edmonton
Tim Hortons Cafe & Bake Shop,2.611379987373737,3.0,14,Saint Louis
Timeout Sports Pub & Restaurant,1.442698753948754,2.5,6,Boise
Timpano Hyde Park,2.5339892833980207,3.5,380,Tampa
Tin Can Tavern and Grille,3.052492931547619,3.5,63,Saint Louis
Tin Drum Asia Cafe,1.9765573982088227,3.0,62,Tampa
"Tin's House, Thai Cuisine & Sushi",3.289700778388278,4.5,97,Avon
Tired Hands Fermentaria,2.556033098724139,4.0,459,Ardmore
Titos Pizza,2.1796201298701297,3.5,35,Spring Hill
To-Yo Japanese Restaurant,3.6071761363636363,4.0,43,Philadelphia
Tokai Sushi Hibachi Steakhouses,2.7811068334930176,4.0,209,Philadelphia
Toki Sushi,2.2648836547547306,4.0,106,Tampa
Tokyo,2.7671212879382523,3.5,155,Tampa
Tokyo Express,1.774008620689655,4.0,10,Edmonton
Tokyo Japanese Restaurant,3.025647735471599,4.0,59,Skippack
Tokyo Japanese Steak House,2.9786830796214017,4.5,206,Smyrna
Tokyo Mandarin,2.8651001413906387,4.0,88,Glassboro
Tokyo Sushi,2.597649338187469,3.5,17,Wilmington
Tokyo Sushi Hibachi & Supreme Buffet,2.3552960407647903,3.5,19,Bensalem
Tom Jones Family Restaurant,2.5444890520464383,3.5,106,Brookhaven
Tomasito's,1.7917735073368188,3.5,7,New Orleans
Tomo Japanese Steakhouse and Sushi Bar,2.723359969688985,4.0,246,Indianapolis
Tomo Sushi & Ramen,3.5120089703393482,4.5,193,Philadelphia
Tony B's Pizzeria,1.0444102182539683,2.5,20,Fenton
Tony Jr's,2.440946043118774,3.0,71,Philadelphia
Tony Luke's,2.01115344356261,2.5,93,Maple Shade Township
Tony Roma's,1.3399720586551926,2.5,26,Edmonton
Tony Soprano's Pizza,2.481294034090909,2.5,43,Westville
Tony Sopranos Pizza,0.898199366208897,3.0,21,Florence Township
Tony luke's,1.5064583333333332,2.5,20,Glassboro
Tony's Donuts - McKelvey,3.344596516015813,4.5,134,Maryland Heights
Tony's Luke,1.9778629983798253,2.5,172,Philadelphia
Tony's Pizza,3.541857142857143,3.5,22,Delran
Tony's Pizzeria & Italian Restaurant,2.8812174560041406,3.5,43,Audubon
Tony's Restaurant,2.492034375,3.0,72,Carpinteria
Tony's Restaurant & 3rd Street Cafe,2.4963272499005256,3.0,94,Alton
TonyRay's Restaurant & Cantina,2.136444444444444,4.0,8,Santa Barbara
Tonys Mexican Restaurant,2.8945918367346937,3.5,6,Chalmette
Top China,2.7463395927815566,3.0,43,Tampa
Top China Buffet,1.6234110764600893,2.5,5,Wilmington
Top Hog,2.786185592348078,4.5,140,Gallatin
Top Notch,1.7453084415584414,3.5,17,Medford
Top Shelf Sports Lounge,3.5871859243697477,4.5,95,Wesley Chapel
Top Tomato Bar & Pizza,2.4994916394803113,3.5,232,Philadelphia
Toppers Pizza,2.5256601824101823,3.5,70,Carmel
Tortas El Guero,3.2656905534136005,4.5,176,Indianapolis
Tortugas Mexican Eatery,1.8985444526162032,3.0,106,Collegeville
Tosco's Restaurant,2.9929418211129146,4.0,81,Pennsburg
Toyama Japanese Steak House,1.7567606665345237,3.0,142,Nashville
Trackside Cafe,0.7066329365079365,2.0,39,Paoli
Tran's Chinese Food Cart,3.341922498797499,4.0,19,Philadelphia
Trang Tien Restaurant,2.870833333333333,4.0,14,Edmonton
Transcend Coffee - Ritchie Market,3.593452380952381,4.5,32,Edmonton
Trappixx Jamaican Restaurant,1.4284603174603174,3.0,55,Cherry Hill
Trattoria Branica,2.519352351190476,3.5,27,Frontenac
Trattoria Carina,3.515931263559537,4.5,213,Philadelphia
Trattoria Marcella,3.1974183032782815,4.5,383,Saint Louis
Trattoria Totaro,3.226559399448288,4.0,135,Conshohocken
Tre Lune,2.8945038393600147,4.0,262,Montecito
Tre Scalini Ristorante,1.9665856955846084,3.5,159,Philadelphia
Treasure Island Fun Center,3.2284444444444444,4.0,24,Seminole
Treasure Valley Coffee - Boise,2.8616666666666664,4.0,42,Boise
Treme Coffeehouse,3.253404812325571,4.5,137,New Orleans
Tria Cafe Wash West,3.2858077139922384,4.5,770,Philadelphia
Trident Grill,2.9923850607960447,4.0,370,Tucson
Trim-Rite Meats,3.5361904761904763,4.0,21,Sewell
Trio Breakfast & Lunch,2.456820419758812,3.0,35,Philadelphia
Trip's Diner,3.097087774039993,4.0,223,Seminole
Triple R's Smokehouse,2.1792613636363636,4.5,8,Mascoutah
Trophy Fish,2.6214741805813233,4.0,167,Saint Petersburg
Trust Me BBQ,2.3518784722222223,4.0,29,Riverview
Tryst Gastro Lounge,2.622525356131026,3.5,295,St Petersburg
Tsevi's Pub And Grill,2.862640827922078,3.0,19,Affton
Tsukemono,1.4015816326530612,4.0,16,Santa Barbara
Tsunami Japanese Steakhouse,2.296884436073738,3.0,212,Saint Petersburg
Tsunami Sushi,2.998890942911255,4.0,340,New Orleans
Tsunami Sushi & Hibachi Grill,1.901553244498557,4.0,185,Brandon
Tu Casa Latin Food,3.5,4.0,48,Indianapolis
Tucson Cookie,2.851965144230769,4.0,11,Tucson
Tucson Trap & Skeet Club,3.62,5.0,13,Tucson
Tuma Pizza,2.17440625,3.0,24,Nashville
Tuna Bar,3.4178086953535947,4.0,245,Philadelphia
Turchettis Delicatessen,3.566454725829726,4.5,115,Indianapolis
Turning Point of North Wales,1.9424433032953439,3.0,169,North Wales
Turquesa Latin Grill,2.8678624338624337,4.5,10,Marana
Tutti Frutti,1.39505195582674,3.5,30,Edmonton
Tutti Frutti Frozen Yogurt,3.0721047631345924,4.0,52,University City
Tuttini,1.0703779761904761,3.5,13,Santa Barbara
Twenty 21,1.753632930871212,3.0,8,Philadelphia
Twin Peaks,2.205928451178451,3.5,257,Indianapolis
Twisted Roots,3.6875,4.5,46,St. Louis
Twistee Treat - New Tampa,2.0198785714285714,3.5,70,Tampa
Twistee Treat - Sheldon,3.7225,4.0,58,Tampa
Twistee Treat - Tarpon Springs,2.3586689569483097,3.5,87,Tarpon Springs
Two Chicks Cafe,3.258355382890338,4.5,888,New Orleans
Two Elk Restaurant,2.507361111111111,3.5,12,Vail
Two Goats,3.605576923076923,5.0,7,Nashville
Two Tony's Restaurant,2.9762261303511304,4.0,110,New Orleans
Tzin Wine & Tapas,3.1089363421052068,4.5,116,Edmonton
U-Like Asian Buffet,1.7123324722855973,2.5,98,Tucson
Umami,3.0697290842371694,4.0,290,Nashville
Umi Japanese Restaurant,3.4645067974959343,4.5,118,Franklin
Un Caffé Italian Bistro,3.583886363636364,4.5,28,Reno
Unagi & Sushi,2.4714483397582354,4.0,62,Metairie
Uncle C's New Orleans Style Fried Chicken,2.855065789473684,2.5,10,Brentwood
Uncle Ed's Restaurant,2.4720726190476188,4.0,60,Edmonton
Uncle Maddios Pizza,3.544470348324515,4.0,103,Lutz
Uncle Mike's Smokehouse Grill,2.2521338747263866,3.0,78,Plant City
Union Burger,1.6607868038597202,2.5,42,Clearwater
Union Station Pub & Grill,1.719642857142857,4.0,9,New Orleans
University Club of Santa Barbara,3.562073984472153,5.0,76,Santa Barbara
Uno Pizzeria & Grill,1.743810494330231,3.0,138,Oaks
Unplugged,3.385138315696649,4.5,41,Tucson
Untouchables Pasta & Pizza,2.564125525210084,3.5,124,Largo
Upland Carmel Tap House,2.782472221558504,4.0,244,Carmel
Upper Crust Pizza & Italian Restaurant,3.1987303921568624,3.5,41,Tabernacle
Urban Eats,2.9341863307433496,4.0,88,Saint Louis
Urban Shabu,2.5735689113446463,3.5,24,Edmonton
Urban Village Brewing Co,3.0626703671155164,4.0,221,Philadelphia
Usual Suspects,2.573127443009727,4.0,62,Indianapolis
Valentine's Restaurant,3.43694476010101,4.0,30,Freeburg
Valentino's Ristorante,3.1482021215464626,4.0,160,Nashville
Vanos Pizza & Italian Restaurant,3.222293502628324,4.0,17,West Chester
Vecchia Osteria,3.159476466511345,4.0,359,Newtown
Veekoo,2.9674724783442414,4.0,160,Royersford
Vegetate,1.4295481198344442,3.0,19,Philadelphia
Vela,2.190595238095238,3.5,68,Doylestown
Velvet Central,2.8910714285714283,2.5,5,New Orleans
Venuto's Old World Pizza,2.8836907196969697,3.0,5,Philadelphia
Venzo's Pizza,2.184985242030696,4.0,7,Tucson
Verchio's Produce Outlet,1.76669375,3.5,32,Sewell
Vetri Cucina,3.4725383658571545,4.5,489,Philadelphia
Via Marconi's Pizza Pub,1.8650204625621294,2.5,146,Hatfield
Vientiane Bistro,3.6196479591836734,4.5,67,Philadelphia
Vientiane Café,3.1177854624557413,4.0,304,Philadelphia
Viet Pho,2.1441674189814814,3.0,87,Reno
Villa Bistro,2.887200892857143,4.5,19,Edmonton
Village Bakehouse,3.129664530978111,4.0,296,Tucson
Village Burger,0.6543095238095238,1.5,16,Philadelphia
Village China Wok Buffet,2.1607261904761903,2.0,5,Hazelwood
Village Inn,1.7842572668974315,2.5,61,Land O' Lakes
Village Pub & Beer Garden,2.8524268354579725,4.0,260,Nashville
Village Tap Room,1.8059803334803335,2.5,23,Indianapolis
Village Whiskey,2.7909240818826797,4.0,1553,Philadelphia
Villagio Cinemas,2.2477257408760956,3.0,285,Tampa
Villagio Pizza Cafe,1.8368138888888885,3.0,47,Philadelphia
Vincent's Pizza,2.887354666916934,4.0,82,Rockledge
Vincenzo's,2.1542512315270934,4.0,40,Saint Louis
Vineyards Cafe,3.3083135181269805,4.5,192,Philadelphia
Vinny Vegas Pizza,3.0598276132834554,3.5,29,Phoenixville
Vitascope Hall,2.352314810098403,3.5,146,New Orleans
Vito's New York Pizza & Restaurant,2.896,3.5,22,Spring City
Vonz Hot Rod Bar & Grill,1.6811196581196581,3.0,24,Reno
W G Grinders,2.1242749999999995,3.5,6,Carmel
Waffle House,2.2810876743984276,4.0,19,Nashville
Wahoo's Fish Tacos,2.589463933982684,3.5,62,Santa Barbara
Walnut Street Pizza,0.6728571428571428,2.5,6,Philadelphia
Walt's Chicken Express,3.173916337568681,4.0,51,Wilmington
Walter's Steakhouse,3.3271813953140876,4.0,73,Wilmington
Wang Cai,3.0916730769230774,3.5,31,Greenwood
Wang Gang Asian,2.981997293927213,3.5,168,Edwardsville
WangGang Asian Eats N Beats,2.8341321022727275,3.5,35,Edwardsville
Warm Springs Golf Course,2.8473874223602484,3.5,11,Boise
Warsaw Cafe,1.4461718749999999,3.0,27,Philadelphia
Wasabi Sushi,3.1406944444444442,4.0,81,Boise
Wasabi Sushi & Asian Grill,1.97501940365399,3.5,57,New Orleans
Wasabi Sushi Bar,2.178515502354788,3.0,101,Warson Woods
Wasabi2,3.6451875,4.5,78,West Chester
Washington Crossing Inn,2.3149645623975528,4.0,144,Washington Crossing
Watermark Restaurant,2.9424067884486353,4.0,296,Nashville
Wawa,2.5511212793594655,3.5,8,Norristown
Wawa Food Markets,3.561354166666667,4.0,15,Philadelphia
Wayback Burgers,3.0405708333333332,4.0,61,Plant City
Wei Asian Cafe,2.7488370815382535,4.0,109,Tucson
Wei Hong Bakery & Restaurant,2.858601183819877,4.0,135,Saint Louis
Well Crafted Beer Company,3.692678571428571,4.5,65,Lansdale
Wendy's,1.4019477988019853,1.5,51,Reno
Wendy's Gourmet Perogies,0.7463197674418605,3.0,15,Edmonton
West Ave Grille Jenkintown Restaurant and Food Truck ,3.0681732384701483,4.0,277,Jenkintown
West Coast Taco Truck,2.842117644855145,3.5,58,Indianapolis
West Side Gravy,1.9881616851740695,3.0,64,Collingswood
Western Village Inn and Casino,2.7138638276797242,3.5,266,Sparks
Westmont Diner,2.5986361480381497,4.0,156,Haddon Township
Westshore Pizza,2.8775714285714282,3.0,25,Seminole
Westside Pizza,2.0594791835768396,4.0,55,Boise
Westtown Meat Market,3.6153125,5.0,30,Westtown
Whaley's Blazin BBQ,2.988481071879509,4.5,58,Lutz
Whataburger,3.2364375,2.5,71,Tucson
Wheat Garden,2.8882820048309177,4.0,19,Edmonton
Wheel Cafe,3.20374524542298,4.5,68,Dunedin
Whetstone Tavern,2.6009586189466565,4.0,166,Philadelphia
Whistle Stop Gourmet Coffee Shop,3.0598379923836676,4.0,55,Plant City
White Castle,1.9367681014699911,2.5,26,Indianapolis
Whitebox Eatery,2.850244956555994,4.0,170,Clayton
Whitt's Barbecue - Hermitage,2.8780119047619044,4.0,9,Hermitage
Wienerschnitzel,1.3470833333333332,3.0,28,Tucson
Wild Garlic,2.336767828241834,3.0,64,Reno
Wildflower Cafe,3.2841071981657457,4.5,519,Clearwater
Wildflower Grill,2.95731057058768,4.0,105,Edmonton
William Collier's,3.252415907698307,3.5,27,Nashville
Williams Sub Shop,3.4863981238328665,4.5,99,Saint Petersburg
Willie's Chicken Shack,2.5943238184745536,3.5,83,New Orleans
Willstan's Grille,2.494116176470588,3.5,10,La Vergne
Wimpys Original,2.956743963074973,4.0,114,Media
Win Golden Wok,2.386875,3.5,14,Sicklerville
Wing Shop,1.6591018518518519,3.0,39,Montgomeryville
Wing Spot,2.1497999999999995,3.0,30,Hamilton Township
WingHouse Bar & Grill,2.066401797147657,3.0,146,Wesley Chapel
Winger's Grill & Bar,3.461967490842491,3.5,11,Meridian
Wings & More,2.1849999999999996,3.0,6,Philadelphia
Wings Mania,2.9179999999999997,3.5,13,Indianapolis
Wings Over Broadway,2.6453493627505615,3.5,302,Tucson
Wings To Go,3.186321022727273,3.5,10,Philadelphia
Wingstop,1.8462718806647433,2.5,87,Metairie
Winners Bar and Grill Nashville,2.298645362096751,3.0,102,Nashville
Winners Circle Pub,2.87672462406015,4.0,57,Indianapolis
Wired Beans Cafe,3.2252296858546856,4.5,5,Philadelphia
Wise Guys Pizza & Steaks,2.65916563720832,3.5,22,Philadelphia
Wishbone,2.118872501981096,3.5,191,Philadelphia
Wit or Witout Cheesesteaks,1.8310815746753244,2.5,37,Philadelphia
Wiz Kid,2.8854791632782146,4.5,163,Philadelphia
Wok House,3.2355083730607626,3.5,17,Saint Albert
Wok On the Wild Side,1.2463110678079408,2.0,95,Goleta
Wolfgang Puck Express,0.8693872767857143,2.0,70,Indianapolis
Wood Bakery,2.1618991935483867,4.0,40,O Fallon
Woodbury Station Cafe,3.0996737354907,3.5,145,Woodbury
World Famous N'awlins Cafe & Spice Emporium,1.8596238755146175,2.5,295,New Orleans
World Sports Grille,1.743177083333333,2.5,38,Tuscon
World of Beer,2.4741604416815624,3.0,208,Exton
Xochitl,2.698903871220394,3.5,453,Philadelphia
Xtreme Tacos,3.1146065406145067,4.5,193,Tampa
Xtrordinary Pizza,1.3443239795918367,3.5,47,Indianapolis
Xwrecks Restaurant & Lounge,1.4630129870129869,2.0,7,Edmonton
YNOT Dock,2.8899999999999997,4.0,11,New Orleans
YO! Sushi,2.708409997682056,4.0,121,Tampa
Yah Mon,3.416981090139939,4.5,697,Tampa
Yakuza,1.257995465089445,3.0,32,Chesterfield
Yama Japanese Restaurant,2.8398264705882355,3.0,52,Lumberton
Yama Sushi,0.692,2.5,8,Reno
Yama-Taiyo Japanese Cuisine & Sushi Bar,3.313967532467532,4.0,49,Palm Harbor
Yard of Ale St Pete,3.5575,4.0,53,St. Petersburg
Yats,3.40566225367812,4.5,599,Indianapolis
Ybor City Food Tours,3.66265625,4.5,15,Tampa
Ybor Eats,3.525315194805195,4.5,43,Tampa
Yellow Submarine,2.772507782166754,4.0,231,Sparks
Yeoman's Cask and Lion,2.651881313131313,3.5,63,St. Petersburg
Yia Yia's Greek Express,3.2279308905380333,4.0,41,Palm Harbor
Yogurt World Cafe,3.56625,3.0,5,Franklin
Yoichi's,3.599108393431621,4.5,184,Santa Barbara
Yolk - Monument Circle,2.8818055555555553,3.5,104,Indianapolis
Yolk Iron Works,3.110765999729133,4.0,291,Indianapolis
Yolklore,3.0817790537777587,4.5,263,St. Louis
Yori's Church Street Bakery,3.23611771978022,4.5,86,West Chester
Yoshinoya,2.1470370370370366,3.0,9,Santa Barbara
Yumioca,2.8768531287515007,3.0,15,Edmonton
Yummies Restaurant,3.55203125,3.5,17,Saint Louis
Yummy Yummy,2.1084375,4.0,26,Bellmawr
Yummy's,1.7484994200407433,3.0,17,Sparks
Zac's Hamburgers,2.4202044936544933,4.0,48,Folsom
Zac's Pancake House,2.254844026806527,3.0,26,Cherry Hill
Zagol Ethiopian Restaurant,2.851099477561299,4.0,160,Reno
Zaika,3.2504231879868275,4.0,181,Philadelphia
Zaikka Indian Grill,2.4252678683134192,3.5,69,Newark
Zaxby's Chicken Fingers & Buffalo Wings,1.9124216527520095,3.0,37,Tampa
Zayna Mediterranean Cafe,2.8813543572369658,4.0,33,Tucson
Zea Rotisserie and Grill,2.931575769897457,4.0,130,New Orleans
Zeko's Mediterranean Grill,3.18569490853009,4.5,345,Tampa
Zen All-You-Can-Eat Sushi & Grill,2.218636728255719,3.0,90,Edmonton
Zen Yai Thai Cuisine,2.806309116161616,4.0,347,Santa Barbara
Zeppoli,2.995473679227319,4.0,297,Collingswood
Zesty Tsunami,3.7423571428571427,4.0,5,New Port Richey
ZigZag Scallop,2.834950549444784,4.0,214,Hernando Beach
Ziggy's Bar & Grill,2.4648958333333333,3.5,5,Plainfield
Zimmer's Seafood,3.1923849861282894,4.0,81,New Orleans
Zio Pizza Palace & Grill,3.385811011904762,4.0,43,Philadelphia
Zio's Italian Market,3.03928939484127,4.5,100,Largo
Zocalo,1.918951727736549,2.5,59,Philadelphia
Zoe Mediterranean,3.6171364942528736,4.5,9,Tucson
Zoes Kitchen,3.104918726079347,4.5,94,Tampa
Zorba's Taverna,3.158157211601328,4.5,510,Philadelphia
Zoup!,2.8701491477272727,3.5,6,Des Peres
Zuzu Handmade Mexican Food,2.420833333333333,3.0,8,Saint Louis
Zydeco's,2.3253084035177785,3.5,161,Belle Chasse
eegee's,2.216225747938064,3.5,39,Tucson
fat Rooster diner,2.6516399690261996,3.0,31,Indianapolis
honeygrow,2.608458539780358,3.5,344,Bala Cynwyd
iCafe,2.165985119047619,3.5,7,Carmel
iLuv Pho,2.1342452571937867,3.0,54,Tucson
iPho Vietnamese Restaurant,2.4770809853869498,3.5,151,Philadelphia
la Madeleine,2.8075090561216913,3.5,126,Metairie
swah-rey,3.501147760874567,4.5,239,St Petersburg
sweetgreen,2.804097486359127,3.5,91,King Of Prussia
